"","pre_post","post_arrest","actor_type","hits","arrest_length_factor","followers_factor","time","gtrends_online"
"1",-30,"0","lawyers",0,NA,NA,NA,NA
"2",-29,"0","lawyers",0,NA,NA,NA,NA
"3",-28,"0","lawyers",12,NA,NA,NA,NA
"4",-27,"0","lawyers",12,NA,NA,NA,NA
"5",-26,"0","lawyers",12,NA,NA,NA,NA
"6",-25,"0","lawyers",0,NA,NA,NA,NA
"7",-24,"0","lawyers",16,NA,NA,NA,NA
"8",-23,"0","lawyers",18,NA,NA,NA,NA
"9",-22,"0","lawyers",16,NA,NA,NA,NA
"10",-21,"0","lawyers",0,NA,NA,NA,NA
"11",-20,"0","lawyers",14,NA,NA,NA,NA
"12",-19,"0","lawyers",0,NA,NA,NA,NA
"13",-18,"0","lawyers",40,NA,NA,NA,NA
"14",-17,"0","lawyers",40,NA,NA,NA,NA
"15",-16,"0","lawyers",0,NA,NA,NA,NA
"16",-15,"0","lawyers",0,NA,NA,NA,NA
"17",-14,"0","lawyers",12,NA,NA,NA,NA
"18",-13,"0","lawyers",0,NA,NA,NA,NA
"19",-12,"0","lawyers",0,NA,NA,NA,NA
"20",-11,"0","lawyers",12,NA,NA,NA,NA
"21",-10,"0","lawyers",164,NA,NA,NA,NA
"22",-9,"0","lawyers",200,NA,NA,NA,NA
"23",-8,"0","lawyers",106,NA,NA,NA,NA
"24",-7,"0","lawyers",24,NA,NA,NA,NA
"25",-6,"0","lawyers",24,NA,NA,NA,NA
"26",-5,"0","lawyers",60,NA,NA,NA,NA
"27",-4,"0","lawyers",24,NA,NA,NA,NA
"28",-3,"0","lawyers",26,NA,NA,NA,NA
"29",-2,"0","lawyers",24,NA,NA,NA,NA
"30",-1,"0","lawyers",22,NA,NA,NA,NA
"31",0,"1","lawyers",12,NA,NA,NA,NA
"32",1,"1","lawyers",24,NA,NA,NA,NA
"33",2,"1","lawyers",36,NA,NA,NA,NA
"34",3,"1","lawyers",12,NA,NA,NA,NA
"35",4,"1","lawyers",26,NA,NA,NA,NA
"36",5,"1","lawyers",12,NA,NA,NA,NA
"37",6,"1","lawyers",0,NA,NA,NA,NA
"38",7,"1","lawyers",34,NA,NA,NA,NA
"39",8,"1","lawyers",12,NA,NA,NA,NA
"40",9,"1","lawyers",12,NA,NA,NA,NA
"41",10,"1","lawyers",12,NA,NA,NA,NA
"42",11,"1","lawyers",0,NA,NA,NA,NA
"43",12,"1","lawyers",12,NA,NA,NA,NA
"44",13,"1","lawyers",12,NA,NA,NA,NA
"45",14,"1","lawyers",12,NA,NA,NA,NA
"46",15,"1","lawyers",12,NA,NA,NA,NA
"47",16,"1","lawyers",0,NA,NA,NA,NA
"48",17,"1","lawyers",12,NA,NA,NA,NA
"49",18,"1","lawyers",12,NA,NA,NA,NA
"50",19,"1","lawyers",0,NA,NA,NA,NA
"51",20,"1","lawyers",0,NA,NA,NA,NA
"52",21,"1","lawyers",12,NA,NA,NA,NA
"53",22,"1","lawyers",0,NA,NA,NA,NA
"54",23,"1","lawyers",12,NA,NA,NA,NA
"55",24,"1","lawyers",12,NA,NA,NA,NA
"56",25,"1","lawyers",0,NA,NA,NA,NA
"57",26,"1","lawyers",0,NA,NA,NA,NA
"58",27,"1","lawyers",12,NA,NA,NA,NA
"59",28,"1","lawyers",0,NA,NA,NA,NA
"60",29,"1","lawyers",0,NA,NA,NA,NA
"61",30,"1","lawyers",0,NA,NA,NA,NA
"62",-30,"0","liberals",25,NA,NA,NA,NA
"63",-29,"0","liberals",50,NA,NA,NA,NA
"64",-28,"0","liberals",23,NA,NA,NA,NA
"65",-27,"0","liberals",75,NA,NA,NA,NA
"66",-26,"0","liberals",0,NA,NA,NA,NA
"67",-25,"0","liberals",0,NA,NA,NA,NA
"68",-24,"0","liberals",25,NA,NA,NA,NA
"69",-23,"0","liberals",0,NA,NA,NA,NA
"70",-22,"0","liberals",25,NA,NA,NA,NA
"71",-21,"0","liberals",47,NA,NA,NA,NA
"72",-20,"0","liberals",0,NA,NA,NA,NA
"73",-19,"0","liberals",0,NA,NA,NA,NA
"74",-18,"0","liberals",22,NA,NA,NA,NA
"75",-17,"0","liberals",0,NA,NA,NA,NA
"76",-16,"0","liberals",24,NA,NA,NA,NA
"77",-15,"0","liberals",25,NA,NA,NA,NA
"78",-14,"0","liberals",0,NA,NA,NA,NA
"79",-13,"0","liberals",24,NA,NA,NA,NA
"80",-12,"0","liberals",25,NA,NA,NA,NA
"81",-11,"0","liberals",47,NA,NA,NA,NA
"82",-10,"0","liberals",25,NA,NA,NA,NA
"83",-9,"0","liberals",100,NA,NA,NA,NA
"84",-8,"0","liberals",0,NA,NA,NA,NA
"85",-7,"0","liberals",0,NA,NA,NA,NA
"86",-6,"0","liberals",24,NA,NA,NA,NA
"87",-5,"0","liberals",24,NA,NA,NA,NA
"88",-4,"0","liberals",0,NA,NA,NA,NA
"89",-3,"0","liberals",49,NA,NA,NA,NA
"90",-2,"0","liberals",26,NA,NA,NA,NA
"91",-1,"0","liberals",157,NA,NA,NA,NA
"92",0,"1","liberals",216,NA,NA,NA,NA
"93",1,"1","liberals",137,NA,NA,NA,NA
"94",2,"1","liberals",101,NA,NA,NA,NA
"95",3,"1","liberals",123,NA,NA,NA,NA
"96",4,"1","liberals",74,NA,NA,NA,NA
"97",5,"1","liberals",66,NA,NA,NA,NA
"98",6,"1","liberals",132,NA,NA,NA,NA
"99",7,"1","liberals",184,NA,NA,NA,NA
"100",8,"1","liberals",15,NA,NA,NA,NA
"101",9,"1","liberals",101,NA,NA,NA,NA
"102",10,"1","liberals",72,NA,NA,NA,NA
"103",11,"1","liberals",53,NA,NA,NA,NA
"104",12,"1","liberals",24,NA,NA,NA,NA
"105",13,"1","liberals",70,NA,NA,NA,NA
"106",14,"1","liberals",49,NA,NA,NA,NA
"107",15,"1","liberals",50,NA,NA,NA,NA
"108",16,"1","liberals",55,NA,NA,NA,NA
"109",17,"1","liberals",48,NA,NA,NA,NA
"110",18,"1","liberals",2,NA,NA,NA,NA
"111",19,"1","liberals",22,NA,NA,NA,NA
"112",20,"1","liberals",22,NA,NA,NA,NA
"113",21,"1","liberals",23,NA,NA,NA,NA
"114",22,"1","liberals",1,NA,NA,NA,NA
"115",23,"1","liberals",2,NA,NA,NA,NA
"116",24,"1","liberals",2,NA,NA,NA,NA
"117",25,"1","liberals",22,NA,NA,NA,NA
"118",26,"1","liberals",22,NA,NA,NA,NA
"119",27,"1","liberals",1,NA,NA,NA,NA
"120",28,"1","liberals",21,NA,NA,NA,NA
"121",29,"1","liberals",1,NA,NA,NA,NA
"122",30,"1","liberals",73,NA,NA,NA,NA
"123",-30,"0","sahwa_clerics",9,NA,NA,NA,NA
"124",-29,"0","sahwa_clerics",11,NA,NA,NA,NA
"125",-28,"0","sahwa_clerics",15,NA,NA,NA,NA
"126",-27,"0","sahwa_clerics",11,NA,NA,NA,NA
"127",-26,"0","sahwa_clerics",8,NA,NA,NA,NA
"128",-25,"0","sahwa_clerics",9,NA,NA,NA,NA
"129",-24,"0","sahwa_clerics",9,NA,NA,NA,NA
"130",-23,"0","sahwa_clerics",11,NA,NA,NA,NA
"131",-22,"0","sahwa_clerics",10,NA,NA,NA,NA
"132",-21,"0","sahwa_clerics",7,NA,NA,NA,NA
"133",-20,"0","sahwa_clerics",9,NA,NA,NA,NA
"134",-19,"0","sahwa_clerics",10,NA,NA,NA,NA
"135",-18,"0","sahwa_clerics",6,NA,NA,NA,NA
"136",-17,"0","sahwa_clerics",8,NA,NA,NA,NA
"137",-16,"0","sahwa_clerics",6,NA,NA,NA,NA
"138",-15,"0","sahwa_clerics",12,NA,NA,NA,NA
"139",-14,"0","sahwa_clerics",4,NA,NA,NA,NA
"140",-13,"0","sahwa_clerics",9,NA,NA,NA,NA
"141",-12,"0","sahwa_clerics",11,NA,NA,NA,NA
"142",-11,"0","sahwa_clerics",11,NA,NA,NA,NA
"143",-10,"0","sahwa_clerics",9,NA,NA,NA,NA
"144",-9,"0","sahwa_clerics",9,NA,NA,NA,NA
"145",-8,"0","sahwa_clerics",44,NA,NA,NA,NA
"146",-7,"0","sahwa_clerics",107,NA,NA,NA,NA
"147",-6,"0","sahwa_clerics",48,NA,NA,NA,NA
"148",-5,"0","sahwa_clerics",28,NA,NA,NA,NA
"149",-4,"0","sahwa_clerics",25,NA,NA,NA,NA
"150",-3,"0","sahwa_clerics",78,NA,NA,NA,NA
"151",-2,"0","sahwa_clerics",213,NA,NA,NA,NA
"152",-1,"0","sahwa_clerics",148,NA,NA,NA,NA
"153",0,"1","sahwa_clerics",127,NA,NA,NA,NA
"154",1,"1","sahwa_clerics",93,NA,NA,NA,NA
"155",2,"1","sahwa_clerics",97,NA,NA,NA,NA
"156",3,"1","sahwa_clerics",53,NA,NA,NA,NA
"157",4,"1","sahwa_clerics",42,NA,NA,NA,NA
"158",5,"1","sahwa_clerics",30,NA,NA,NA,NA
"159",6,"1","sahwa_clerics",25,NA,NA,NA,NA
"160",7,"1","sahwa_clerics",21,NA,NA,NA,NA
"161",8,"1","sahwa_clerics",21,NA,NA,NA,NA
"162",9,"1","sahwa_clerics",14,NA,NA,NA,NA
"163",10,"1","sahwa_clerics",19,NA,NA,NA,NA
"164",11,"1","sahwa_clerics",21,NA,NA,NA,NA
"165",12,"1","sahwa_clerics",17,NA,NA,NA,NA
"166",13,"1","sahwa_clerics",11,NA,NA,NA,NA
"167",14,"1","sahwa_clerics",16,NA,NA,NA,NA
"168",15,"1","sahwa_clerics",11,NA,NA,NA,NA
"169",16,"1","sahwa_clerics",11,NA,NA,NA,NA
"170",17,"1","sahwa_clerics",11,NA,NA,NA,NA
"171",18,"1","sahwa_clerics",19,NA,NA,NA,NA
"172",19,"1","sahwa_clerics",12,NA,NA,NA,NA
"173",20,"1","sahwa_clerics",14,NA,NA,NA,NA
"174",21,"1","sahwa_clerics",6,NA,NA,NA,NA
"175",22,"1","sahwa_clerics",12,NA,NA,NA,NA
"176",23,"1","sahwa_clerics",7,NA,NA,NA,NA
"177",24,"1","sahwa_clerics",9,NA,NA,NA,NA
"178",25,"1","sahwa_clerics",12,NA,NA,NA,NA
"179",26,"1","sahwa_clerics",11,NA,NA,NA,NA
"180",27,"1","sahwa_clerics",17,NA,NA,NA,NA
"181",28,"1","sahwa_clerics",11,NA,NA,NA,NA
"182",29,"1","sahwa_clerics",10,NA,NA,NA,NA
"183",30,"1","sahwa_clerics",9,NA,NA,NA,NA
"184",-30,"0","shia",2,NA,NA,NA,NA
"185",-29,"0","shia",1,NA,NA,NA,NA
"186",-28,"0","shia",1,NA,NA,NA,NA
"187",-27,"0","shia",2,NA,NA,NA,NA
"188",-26,"0","shia",1,NA,NA,NA,NA
"189",-25,"0","shia",1,NA,NA,NA,NA
"190",-24,"0","shia",1,NA,NA,NA,NA
"191",-23,"0","shia",2,NA,NA,NA,NA
"192",-22,"0","shia",1,NA,NA,NA,NA
"193",-21,"0","shia",2,NA,NA,NA,NA
"194",-20,"0","shia",2,NA,NA,NA,NA
"195",-19,"0","shia",1,NA,NA,NA,NA
"196",-18,"0","shia",2,NA,NA,NA,NA
"197",-17,"0","shia",1,NA,NA,NA,NA
"198",-16,"0","shia",1,NA,NA,NA,NA
"199",-15,"0","shia",2,NA,NA,NA,NA
"200",-14,"0","shia",3,NA,NA,NA,NA
"201",-13,"0","shia",4,NA,NA,NA,NA
"202",-12,"0","shia",3,NA,NA,NA,NA
"203",-11,"0","shia",41,NA,NA,NA,NA
"204",-10,"0","shia",47,NA,NA,NA,NA
"205",-9,"0","shia",32,NA,NA,NA,NA
"206",-8,"0","shia",24,NA,NA,NA,NA
"207",-7,"0","shia",16,NA,NA,NA,NA
"208",-6,"0","shia",9,NA,NA,NA,NA
"209",-5,"0","shia",8,NA,NA,NA,NA
"210",-4,"0","shia",6,NA,NA,NA,NA
"211",-3,"0","shia",6,NA,NA,NA,NA
"212",-2,"0","shia",8,NA,NA,NA,NA
"213",-1,"0","shia",3,NA,NA,NA,NA
"214",0,"1","shia",89,NA,NA,NA,NA
"215",1,"1","shia",100,NA,NA,NA,NA
"216",2,"1","shia",44,NA,NA,NA,NA
"217",3,"1","shia",26,NA,NA,NA,NA
"218",4,"1","shia",22,NA,NA,NA,NA
"219",5,"1","shia",18,NA,NA,NA,NA
"220",6,"1","shia",14,NA,NA,NA,NA
"221",7,"1","shia",11,NA,NA,NA,NA
"222",8,"1","shia",10,NA,NA,NA,NA
"223",9,"1","shia",7,NA,NA,NA,NA
"224",10,"1","shia",11,NA,NA,NA,NA
"225",11,"1","shia",6,NA,NA,NA,NA
"226",12,"1","shia",6,NA,NA,NA,NA
"227",13,"1","shia",4,NA,NA,NA,NA
"228",14,"1","shia",5,NA,NA,NA,NA
"229",15,"1","shia",3,NA,NA,NA,NA
"230",16,"1","shia",5,NA,NA,NA,NA
"231",17,"1","shia",4,NA,NA,NA,NA
"232",18,"1","shia",4,NA,NA,NA,NA
"233",19,"1","shia",5,NA,NA,NA,NA
"234",20,"1","shia",5,NA,NA,NA,NA
"235",21,"1","shia",7,NA,NA,NA,NA
"236",22,"1","shia",5,NA,NA,NA,NA
"237",23,"1","shia",7,NA,NA,NA,NA
"238",24,"1","shia",5,NA,NA,NA,NA
"239",25,"1","shia",4,NA,NA,NA,NA
"240",26,"1","shia",4,NA,NA,NA,NA
"241",27,"1","shia",2,NA,NA,NA,NA
"242",28,"1","shia",3,NA,NA,NA,NA
"243",29,"1","shia",4,NA,NA,NA,NA
"244",30,"1","shia",3,NA,NA,NA,NA
"245",-14,"0","sunni_clerics",6,NA,NA,NA,NA
"246",-13,"0","sunni_clerics",0,NA,NA,NA,NA
"247",-12,"0","sunni_clerics",8,NA,NA,NA,NA
"248",-11,"0","sunni_clerics",17,NA,NA,NA,NA
"249",-10,"0","sunni_clerics",8,NA,NA,NA,NA
"250",-9,"0","sunni_clerics",8,NA,NA,NA,NA
"251",-8,"0","sunni_clerics",0,NA,NA,NA,NA
"252",-7,"0","sunni_clerics",7,NA,NA,NA,NA
"253",-6,"0","sunni_clerics",20,NA,NA,NA,NA
"254",-5,"0","sunni_clerics",34,NA,NA,NA,NA
"255",-4,"0","sunni_clerics",13,NA,NA,NA,NA
"256",-3,"0","sunni_clerics",12,NA,NA,NA,NA
"257",-2,"0","sunni_clerics",6,NA,NA,NA,NA
"258",-1,"0","sunni_clerics",6,NA,NA,NA,NA
"259",0,"1","sunni_clerics",0,NA,NA,NA,NA
"260",1,"1","sunni_clerics",12,NA,NA,NA,NA
"261",2,"1","sunni_clerics",82,NA,NA,NA,NA
"262",3,"1","sunni_clerics",100,NA,NA,NA,NA
"263",4,"1","sunni_clerics",46,NA,NA,NA,NA
"264",5,"1","sunni_clerics",24,NA,NA,NA,NA
"265",6,"1","sunni_clerics",6,NA,NA,NA,NA
"266",7,"1","sunni_clerics",18,NA,NA,NA,NA
"267",8,"1","sunni_clerics",19,NA,NA,NA,NA
"268",9,"1","sunni_clerics",0,NA,NA,NA,NA
"269",10,"1","sunni_clerics",29,NA,NA,NA,NA
"270",11,"1","sunni_clerics",12,NA,NA,NA,NA
"271",12,"1","sunni_clerics",0,NA,NA,NA,NA
"272",13,"1","sunni_clerics",12,NA,NA,NA,NA
"273",14,"1","sunni_clerics",12,NA,NA,NA,NA
"274",15,"1","sunni_clerics",6,NA,NA,NA,NA
"275",16,"1","sunni_clerics",19,NA,NA,NA,NA
"276",17,"1","sunni_clerics",6,NA,NA,NA,NA
"277",18,"1","sunni_clerics",0,NA,NA,NA,NA
"278",19,"1","sunni_clerics",17,NA,NA,NA,NA
"279",20,"1","sunni_clerics",0,NA,NA,NA,NA
"280",21,"1","sunni_clerics",6,NA,NA,NA,NA
"281",22,"1","sunni_clerics",12,NA,NA,NA,NA
"282",23,"1","sunni_clerics",0,NA,NA,NA,NA
"283",24,"1","sunni_clerics",12,NA,NA,NA,NA
"284",25,"1","sunni_clerics",6,NA,NA,NA,NA
"285",26,"1","sunni_clerics",6,NA,NA,NA,NA
"286",27,"1","sunni_clerics",23,NA,NA,NA,NA
"287",28,"1","sunni_clerics",0,NA,NA,NA,NA
"288",29,"1","sunni_clerics",0,NA,NA,NA,NA
"289",30,"1","sunni_clerics",0,NA,NA,NA,NA
"290",-30,"0","womens_rights",0,NA,NA,NA,NA
"291",-29,"0","womens_rights",0,NA,NA,NA,NA
"292",-28,"0","womens_rights",0,NA,NA,NA,NA
"293",-27,"0","womens_rights",14,NA,NA,NA,NA
"294",-26,"0","womens_rights",5,NA,NA,NA,NA
"295",-25,"0","womens_rights",3,NA,NA,NA,NA
"296",-24,"0","womens_rights",0,NA,NA,NA,NA
"297",-23,"0","womens_rights",5,NA,NA,NA,NA
"298",-22,"0","womens_rights",0,NA,NA,NA,NA
"299",-21,"0","womens_rights",17,NA,NA,NA,NA
"300",-20,"0","womens_rights",0,NA,NA,NA,NA
"301",-19,"0","womens_rights",0,NA,NA,NA,NA
"302",-18,"0","womens_rights",2,NA,NA,NA,NA
"303",-17,"0","womens_rights",4,NA,NA,NA,NA
"304",-16,"0","womens_rights",2,NA,NA,NA,NA
"305",-15,"0","womens_rights",0,NA,NA,NA,NA
"306",-14,"0","womens_rights",10,NA,NA,NA,NA
"307",-13,"0","womens_rights",2,NA,NA,NA,NA
"308",-12,"0","womens_rights",14,NA,NA,NA,NA
"309",-11,"0","womens_rights",0,NA,NA,NA,NA
"310",-10,"0","womens_rights",2,NA,NA,NA,NA
"311",-9,"0","womens_rights",12,NA,NA,NA,NA
"312",-8,"0","womens_rights",16,NA,NA,NA,NA
"313",-7,"0","womens_rights",8,NA,NA,NA,NA
"314",-6,"0","womens_rights",0,NA,NA,NA,NA
"315",-5,"0","womens_rights",2,NA,NA,NA,NA
"316",-4,"0","womens_rights",0,NA,NA,NA,NA
"317",-3,"0","womens_rights",0,NA,NA,NA,NA
"318",-2,"0","womens_rights",9,NA,NA,NA,NA
"319",-1,"0","womens_rights",54,NA,NA,NA,NA
"320",0,"1","womens_rights",150,NA,NA,NA,NA
"321",1,"1","womens_rights",288,NA,NA,NA,NA
"322",2,"1","womens_rights",96,NA,NA,NA,NA
"323",3,"1","womens_rights",159,NA,NA,NA,NA
"324",4,"1","womens_rights",147,NA,NA,NA,NA
"325",5,"1","womens_rights",109,NA,NA,NA,NA
"326",6,"1","womens_rights",92,NA,NA,NA,NA
"327",7,"1","womens_rights",62,NA,NA,NA,NA
"328",8,"1","womens_rights",37,NA,NA,NA,NA
"329",9,"1","womens_rights",25,NA,NA,NA,NA
"330",10,"1","womens_rights",24,NA,NA,NA,NA
"331",11,"1","womens_rights",22,NA,NA,NA,NA
"332",12,"1","womens_rights",21,NA,NA,NA,NA
"333",13,"1","womens_rights",15,NA,NA,NA,NA
"334",14,"1","womens_rights",12,NA,NA,NA,NA
"335",15,"1","womens_rights",13,NA,NA,NA,NA
"336",16,"1","womens_rights",10,NA,NA,NA,NA
"337",17,"1","womens_rights",14,NA,NA,NA,NA
"338",18,"1","womens_rights",10,NA,NA,NA,NA
"339",19,"1","womens_rights",14,NA,NA,NA,NA
"340",20,"1","womens_rights",5,NA,NA,NA,NA
"341",21,"1","womens_rights",15,NA,NA,NA,NA
"342",22,"1","womens_rights",7,NA,NA,NA,NA
"343",23,"1","womens_rights",7,NA,NA,NA,NA
"344",24,"1","womens_rights",9,NA,NA,NA,NA
"345",25,"1","womens_rights",9,NA,NA,NA,NA
"346",26,"1","womens_rights",11,NA,NA,NA,NA
"347",27,"1","womens_rights",14,NA,NA,NA,NA
"348",28,"1","womens_rights",13,NA,NA,NA,NA
"349",29,"1","womens_rights",12,NA,NA,NA,NA
"350",30,"1","womens_rights",11,NA,NA,NA,NA
"351",-30,"0",NA,5,0,NA,NA,NA
"352",-29,"0",NA,7,0,NA,NA,NA
"353",-28,"0",NA,13,0,NA,NA,NA
"354",-27,"0",NA,20,0,NA,NA,NA
"355",-26,"0",NA,5,0,NA,NA,NA
"356",-25,"0",NA,7,0,NA,NA,NA
"357",-24,"0",NA,4,0,NA,NA,NA
"358",-23,"0",NA,7,0,NA,NA,NA
"359",-22,"0",NA,6,0,NA,NA,NA
"360",-21,"0",NA,16,0,NA,NA,NA
"361",-20,"0",NA,5,0,NA,NA,NA
"362",-19,"0",NA,5,0,NA,NA,NA
"363",-18,"0",NA,4,0,NA,NA,NA
"364",-17,"0",NA,5,0,NA,NA,NA
"365",-16,"0",NA,4,0,NA,NA,NA
"366",-15,"0",NA,8,0,NA,NA,NA
"367",-14,"0",NA,9,0,NA,NA,NA
"368",-13,"0",NA,6,0,NA,NA,NA
"369",-12,"0",NA,27,0,NA,NA,NA
"370",-11,"0",NA,25,0,NA,NA,NA
"371",-10,"0",NA,14,0,NA,NA,NA
"372",-9,"0",NA,27,0,NA,NA,NA
"373",-8,"0",NA,54,0,NA,NA,NA
"374",-7,"0",NA,110,0,NA,NA,NA
"375",-6,"0",NA,67,0,NA,NA,NA
"376",-5,"0",NA,60,0,NA,NA,NA
"377",-4,"0",NA,37,0,NA,NA,NA
"378",-3,"0",NA,87,0,NA,NA,NA
"379",-2,"0",NA,124,0,NA,NA,NA
"380",-1,"0",NA,133,0,NA,NA,NA
"381",0,"1",NA,251,0,NA,NA,NA
"382",1,"1",NA,364,0,NA,NA,NA
"383",2,"1",NA,254,0,NA,NA,NA
"384",3,"1",NA,193,0,NA,NA,NA
"385",4,"1",NA,129,0,NA,NA,NA
"386",5,"1",NA,87,0,NA,NA,NA
"387",6,"1",NA,68,0,NA,NA,NA
"388",7,"1",NA,83,0,NA,NA,NA
"389",8,"1",NA,64,0,NA,NA,NA
"390",9,"1",NA,31,0,NA,NA,NA
"391",10,"1",NA,63,0,NA,NA,NA
"392",11,"1",NA,40,0,NA,NA,NA
"393",12,"1",NA,23,0,NA,NA,NA
"394",13,"1",NA,28,0,NA,NA,NA
"395",14,"1",NA,33,0,NA,NA,NA
"396",15,"1",NA,18,0,NA,NA,NA
"397",16,"1",NA,31,0,NA,NA,NA
"398",17,"1",NA,19,0,NA,NA,NA
"399",18,"1",NA,17,0,NA,NA,NA
"400",19,"1",NA,33,0,NA,NA,NA
"401",20,"1",NA,10,0,NA,NA,NA
"402",21,"1",NA,15,0,NA,NA,NA
"403",22,"1",NA,26,0,NA,NA,NA
"404",23,"1",NA,10,0,NA,NA,NA
"405",24,"1",NA,22,0,NA,NA,NA
"406",25,"1",NA,22,0,NA,NA,NA
"407",26,"1",NA,20,0,NA,NA,NA
"408",27,"1",NA,44,0,NA,NA,NA
"409",28,"1",NA,19,0,NA,NA,NA
"410",29,"1",NA,19,0,NA,NA,NA
"411",30,"1",NA,15,0,NA,NA,NA
"412",-30,"0",NA,4,1,NA,NA,NA
"413",-29,"0",NA,4,1,NA,NA,NA
"414",-28,"0",NA,14,1,NA,NA,NA
"415",-27,"0",NA,68,1,NA,NA,NA
"416",-26,"0",NA,20,1,NA,NA,NA
"417",-25,"0",NA,5,1,NA,NA,NA
"418",-24,"0",NA,21,1,NA,NA,NA
"419",-23,"0",NA,27,1,NA,NA,NA
"420",-22,"0",NA,20,1,NA,NA,NA
"421",-21,"0",NA,8,1,NA,NA,NA
"422",-20,"0",NA,18,1,NA,NA,NA
"423",-19,"0",NA,5,1,NA,NA,NA
"424",-18,"0",NA,44,1,NA,NA,NA
"425",-17,"0",NA,47,1,NA,NA,NA
"426",-16,"0",NA,4,1,NA,NA,NA
"427",-15,"0",NA,4,1,NA,NA,NA
"428",-14,"0",NA,23,1,NA,NA,NA
"429",-13,"0",NA,5,1,NA,NA,NA
"430",-12,"0",NA,6,1,NA,NA,NA
"431",-11,"0",NA,15,1,NA,NA,NA
"432",-10,"0",NA,169,1,NA,NA,NA
"433",-9,"0",NA,202,1,NA,NA,NA
"434",-8,"0",NA,112,1,NA,NA,NA
"435",-7,"0",NA,36,1,NA,NA,NA
"436",-6,"0",NA,25,1,NA,NA,NA
"437",-5,"0",NA,64,1,NA,NA,NA
"438",-4,"0",NA,25,1,NA,NA,NA
"439",-3,"0",NA,29,1,NA,NA,NA
"440",-2,"0",NA,134,1,NA,NA,NA
"441",-1,"0",NA,154,1,NA,NA,NA
"442",0,"1",NA,188,1,NA,NA,NA
"443",1,"1",NA,131,1,NA,NA,NA
"444",2,"1",NA,158,1,NA,NA,NA
"445",3,"1",NA,189,1,NA,NA,NA
"446",4,"1",NA,180,1,NA,NA,NA
"447",5,"1",NA,128,1,NA,NA,NA
"448",6,"1",NA,187,1,NA,NA,NA
"449",7,"1",NA,173,1,NA,NA,NA
"450",8,"1",NA,40,1,NA,NA,NA
"451",9,"1",NA,29,1,NA,NA,NA
"452",10,"1",NA,29,1,NA,NA,NA
"453",11,"1",NA,24,1,NA,NA,NA
"454",12,"1",NA,31,1,NA,NA,NA
"455",13,"1",NA,27,1,NA,NA,NA
"456",14,"1",NA,25,1,NA,NA,NA
"457",15,"1",NA,31,1,NA,NA,NA
"458",16,"1",NA,13,1,NA,NA,NA
"459",17,"1",NA,27,1,NA,NA,NA
"460",18,"1",NA,26,1,NA,NA,NA
"461",19,"1",NA,11,1,NA,NA,NA
"462",20,"1",NA,11,1,NA,NA,NA
"463",21,"1",NA,27,1,NA,NA,NA
"464",22,"1",NA,6,1,NA,NA,NA
"465",23,"1",NA,18,1,NA,NA,NA
"466",24,"1",NA,22,1,NA,NA,NA
"467",25,"1",NA,6,1,NA,NA,NA
"468",26,"1",NA,9,1,NA,NA,NA
"469",27,"1",NA,23,1,NA,NA,NA
"470",28,"1",NA,6,1,NA,NA,NA
"471",29,"1",NA,4,1,NA,NA,NA
"472",30,"1",NA,6,1,NA,NA,NA
"473",-30,"0",NA,2,NA,0,NA,NA
"474",-29,"0",NA,1,NA,0,NA,NA
"475",-28,"0",NA,7,NA,0,NA,NA
"476",-27,"0",NA,14,NA,0,NA,NA
"477",-26,"0",NA,7,NA,0,NA,NA
"478",-25,"0",NA,1,NA,0,NA,NA
"479",-24,"0",NA,9,NA,0,NA,NA
"480",-23,"0",NA,11,NA,0,NA,NA
"481",-22,"0",NA,9,NA,0,NA,NA
"482",-21,"0",NA,8,NA,0,NA,NA
"483",-20,"0",NA,9,NA,0,NA,NA
"484",-19,"0",NA,1,NA,0,NA,NA
"485",-18,"0",NA,22,NA,0,NA,NA
"486",-17,"0",NA,21,NA,0,NA,NA
"487",-16,"0",NA,1,NA,0,NA,NA
"488",-15,"0",NA,2,NA,0,NA,NA
"489",-14,"0",NA,9,NA,0,NA,NA
"490",-13,"0",NA,4,NA,0,NA,NA
"491",-12,"0",NA,9,NA,0,NA,NA
"492",-11,"0",NA,47,NA,0,NA,NA
"493",-10,"0",NA,129,NA,0,NA,NA
"494",-9,"0",NA,138,NA,0,NA,NA
"495",-8,"0",NA,83,NA,0,NA,NA
"496",-7,"0",NA,28,NA,0,NA,NA
"497",-6,"0",NA,21,NA,0,NA,NA
"498",-5,"0",NA,38,NA,0,NA,NA
"499",-4,"0",NA,18,NA,0,NA,NA
"500",-3,"0",NA,19,NA,0,NA,NA
"501",-2,"0",NA,26,NA,0,NA,NA
"502",-1,"0",NA,71,NA,0,NA,NA
"503",0,"1",NA,220,NA,0,NA,NA
"504",1,"1",NA,290,NA,0,NA,NA
"505",2,"1",NA,118,NA,0,NA,NA
"506",3,"1",NA,90,NA,0,NA,NA
"507",4,"1",NA,83,NA,0,NA,NA
"508",5,"1",NA,64,NA,0,NA,NA
"509",6,"1",NA,53,NA,0,NA,NA
"510",7,"1",NA,55,NA,0,NA,NA
"511",8,"1",NA,31,NA,0,NA,NA
"512",9,"1",NA,22,NA,0,NA,NA
"513",10,"1",NA,25,NA,0,NA,NA
"514",11,"1",NA,15,NA,0,NA,NA
"515",12,"1",NA,16,NA,0,NA,NA
"516",13,"1",NA,15,NA,0,NA,NA
"517",14,"1",NA,17,NA,0,NA,NA
"518",15,"1",NA,16,NA,0,NA,NA
"519",16,"1",NA,9,NA,0,NA,NA
"520",17,"1",NA,13,NA,0,NA,NA
"521",18,"1",NA,12,NA,0,NA,NA
"522",19,"1",NA,6,NA,0,NA,NA
"523",20,"1",NA,7,NA,0,NA,NA
"524",21,"1",NA,16,NA,0,NA,NA
"525",22,"1",NA,6,NA,0,NA,NA
"526",23,"1",NA,15,NA,0,NA,NA
"527",24,"1",NA,13,NA,0,NA,NA
"528",25,"1",NA,5,NA,0,NA,NA
"529",26,"1",NA,5,NA,0,NA,NA
"530",27,"1",NA,9,NA,0,NA,NA
"531",28,"1",NA,4,NA,0,NA,NA
"532",29,"1",NA,5,NA,0,NA,NA
"533",30,"1",NA,4,NA,0,NA,NA
"534",-30,"0",NA,34,NA,1,NA,NA
"535",-29,"0",NA,61,NA,1,NA,NA
"536",-28,"0",NA,44,NA,1,NA,NA
"537",-27,"0",NA,100,NA,1,NA,NA
"538",-26,"0",NA,19,NA,1,NA,NA
"539",-25,"0",NA,12,NA,1,NA,NA
"540",-24,"0",NA,42,NA,1,NA,NA
"541",-23,"0",NA,25,NA,1,NA,NA
"542",-22,"0",NA,43,NA,1,NA,NA
"543",-21,"0",NA,65,NA,1,NA,NA
"544",-20,"0",NA,16,NA,1,NA,NA
"545",-19,"0",NA,10,NA,1,NA,NA
"546",-18,"0",NA,50,NA,1,NA,NA
"547",-17,"0",NA,32,NA,1,NA,NA
"548",-16,"0",NA,32,NA,1,NA,NA
"549",-15,"0",NA,37,NA,1,NA,NA
"550",-14,"0",NA,26,NA,1,NA,NA
"551",-13,"0",NA,35,NA,1,NA,NA
"552",-12,"0",NA,52,NA,1,NA,NA
"553",-11,"0",NA,81,NA,1,NA,NA
"554",-10,"0",NA,126,NA,1,NA,NA
"555",-9,"0",NA,223,NA,1,NA,NA
"556",-8,"0",NA,107,NA,1,NA,NA
"557",-7,"0",NA,134,NA,1,NA,NA
"558",-6,"0",NA,104,NA,1,NA,NA
"559",-5,"0",NA,118,NA,1,NA,NA
"560",-4,"0",NA,50,NA,1,NA,NA
"561",-3,"0",NA,152,NA,1,NA,NA
"562",-2,"0",NA,260,NA,1,NA,NA
"563",-1,"0",NA,319,NA,1,NA,NA
"564",0,"1",NA,374,NA,1,NA,NA
"565",1,"1",NA,364,NA,1,NA,NA
"566",2,"1",NA,338,NA,1,NA,NA
"567",3,"1",NA,383,NA,1,NA,NA
"568",4,"1",NA,274,NA,1,NA,NA
"569",5,"1",NA,195,NA,1,NA,NA
"570",6,"1",NA,216,NA,1,NA,NA
"571",7,"1",NA,275,NA,1,NA,NA
"572",8,"1",NA,83,NA,1,NA,NA
"573",9,"1",NA,137,NA,1,NA,NA
"574",10,"1",NA,142,NA,1,NA,NA
"575",11,"1",NA,99,NA,1,NA,NA
"576",12,"1",NA,64,NA,1,NA,NA
"577",13,"1",NA,109,NA,1,NA,NA
"578",14,"1",NA,89,NA,1,NA,NA
"579",15,"1",NA,79,NA,1,NA,NA
"580",16,"1",NA,91,NA,1,NA,NA
"581",17,"1",NA,82,NA,1,NA,NA
"582",18,"1",NA,35,NA,1,NA,NA
"583",19,"1",NA,64,NA,1,NA,NA
"584",20,"1",NA,39,NA,1,NA,NA
"585",21,"1",NA,53,NA,1,NA,NA
"586",22,"1",NA,31,NA,1,NA,NA
"587",23,"1",NA,20,NA,1,NA,NA
"588",24,"1",NA,36,NA,1,NA,NA
"589",25,"1",NA,48,NA,1,NA,NA
"590",26,"1",NA,49,NA,1,NA,NA
"591",27,"1",NA,60,NA,1,NA,NA
"592",28,"1",NA,44,NA,1,NA,NA
"593",29,"1",NA,22,NA,1,NA,NA
"594",30,"1",NA,92,NA,1,NA,NA
"595",-30,"0",NA,27,NA,NA,NA,"no"
"596",-29,"0",NA,51,NA,NA,NA,"no"
"597",-28,"0",NA,30,NA,NA,NA,"no"
"598",-27,"0",NA,83,NA,NA,NA,"no"
"599",-26,"0",NA,7,NA,NA,NA,"no"
"600",-25,"0",NA,1,NA,NA,NA,"no"
"601",-24,"0",NA,34,NA,NA,NA,"no"
"602",-23,"0",NA,11,NA,NA,NA,"no"
"603",-22,"0",NA,34,NA,NA,NA,"no"
"604",-21,"0",NA,49,NA,NA,NA,"no"
"605",-20,"0",NA,9,NA,NA,NA,"no"
"606",-19,"0",NA,1,NA,NA,NA,"no"
"607",-18,"0",NA,22,NA,NA,NA,"no"
"608",-17,"0",NA,21,NA,NA,NA,"no"
"609",-16,"0",NA,1,NA,NA,NA,"no"
"610",-15,"0",NA,27,NA,NA,NA,"no"
"611",-14,"0",NA,15,NA,NA,NA,"no"
"612",-13,"0",NA,28,NA,NA,NA,"no"
"613",-12,"0",NA,11,NA,NA,NA,"no"
"614",-11,"0",NA,88,NA,NA,NA,"no"
"615",-10,"0",NA,162,NA,NA,NA,"no"
"616",-9,"0",NA,240,NA,NA,NA,"no"
"617",-8,"0",NA,77,NA,NA,NA,"no"
"618",-7,"0",NA,35,NA,NA,NA,"no"
"619",-6,"0",NA,65,NA,NA,NA,"no"
"620",-5,"0",NA,96,NA,NA,NA,"no"
"621",-4,"0",NA,31,NA,NA,NA,"no"
"622",-3,"0",NA,80,NA,NA,NA,"no"
"623",-2,"0",NA,26,NA,NA,NA,"no"
"624",-1,"0",NA,20,NA,NA,NA,"no"
"625",0,"1",NA,191,NA,NA,NA,"no"
"626",1,"1",NA,124,NA,NA,NA,"no"
"627",2,"1",NA,195,NA,NA,NA,"no"
"628",3,"1",NA,157,NA,NA,NA,"no"
"629",4,"1",NA,107,NA,NA,NA,"no"
"630",5,"1",NA,74,NA,NA,NA,"no"
"631",6,"1",NA,119,NA,NA,NA,"no"
"632",7,"1",NA,170,NA,NA,NA,"no"
"633",8,"1",NA,35,NA,NA,NA,"no"
"634",9,"1",NA,85,NA,NA,NA,"no"
"635",10,"1",NA,70,NA,NA,NA,"no"
"636",11,"1",NA,42,NA,NA,NA,"no"
"637",12,"1",NA,12,NA,NA,NA,"no"
"638",13,"1",NA,49,NA,NA,NA,"no"
"639",14,"1",NA,47,NA,NA,NA,"no"
"640",15,"1",NA,39,NA,NA,NA,"no"
"641",16,"1",NA,75,NA,NA,NA,"no"
"642",17,"1",NA,41,NA,NA,NA,"no"
"643",18,"1",NA,10,NA,NA,NA,"no"
"644",19,"1",NA,22,NA,NA,NA,"no"
"645",20,"1",NA,5,NA,NA,NA,"no"
"646",21,"1",NA,19,NA,NA,NA,"no"
"647",22,"1",NA,17,NA,NA,NA,"no"
"648",23,"1",NA,13,NA,NA,NA,"no"
"649",24,"1",NA,23,NA,NA,NA,"no"
"650",25,"1",NA,10,NA,NA,NA,"no"
"651",26,"1",NA,10,NA,NA,NA,"no"
"652",27,"1",NA,31,NA,NA,NA,"no"
"653",28,"1",NA,3,NA,NA,NA,"no"
"654",29,"1",NA,4,NA,NA,NA,"no"
"655",30,"1",NA,75,NA,NA,NA,"no"
"656",-30,"0",NA,9,NA,NA,NA,"yes"
"657",-29,"0",NA,11,NA,NA,NA,"yes"
"658",-28,"0",NA,21,NA,NA,NA,"yes"
"659",-27,"0",NA,31,NA,NA,NA,"yes"
"660",-26,"0",NA,19,NA,NA,NA,"yes"
"661",-25,"0",NA,12,NA,NA,NA,"yes"
"662",-24,"0",NA,17,NA,NA,NA,"yes"
"663",-23,"0",NA,25,NA,NA,NA,"yes"
"664",-22,"0",NA,18,NA,NA,NA,"yes"
"665",-21,"0",NA,24,NA,NA,NA,"yes"
"666",-20,"0",NA,16,NA,NA,NA,"yes"
"667",-19,"0",NA,10,NA,NA,NA,"yes"
"668",-18,"0",NA,50,NA,NA,NA,"yes"
"669",-17,"0",NA,32,NA,NA,NA,"yes"
"670",-16,"0",NA,32,NA,NA,NA,"yes"
"671",-15,"0",NA,12,NA,NA,NA,"yes"
"672",-14,"0",NA,20,NA,NA,NA,"yes"
"673",-13,"0",NA,11,NA,NA,NA,"yes"
"674",-12,"0",NA,50,NA,NA,NA,"yes"
"675",-11,"0",NA,40,NA,NA,NA,"yes"
"676",-10,"0",NA,93,NA,NA,NA,"yes"
"677",-9,"0",NA,121,NA,NA,NA,"yes"
"678",-8,"0",NA,113,NA,NA,NA,"yes"
"679",-7,"0",NA,127,NA,NA,NA,"yes"
"680",-6,"0",NA,60,NA,NA,NA,"yes"
"681",-5,"0",NA,60,NA,NA,NA,"yes"
"682",-4,"0",NA,37,NA,NA,NA,"yes"
"683",-3,"0",NA,91,NA,NA,NA,"yes"
"684",-2,"0",NA,260,NA,NA,NA,"yes"
"685",-1,"0",NA,370,NA,NA,NA,"yes"
"686",0,"1",NA,403,NA,NA,NA,"yes"
"687",1,"1",NA,530,NA,NA,NA,"yes"
"688",2,"1",NA,261,NA,NA,NA,"yes"
"689",3,"1",NA,316,NA,NA,NA,"yes"
"690",4,"1",NA,250,NA,NA,NA,"yes"
"691",5,"1",NA,185,NA,NA,NA,"yes"
"692",6,"1",NA,150,NA,NA,NA,"yes"
"693",7,"1",NA,160,NA,NA,NA,"yes"
"694",8,"1",NA,79,NA,NA,NA,"yes"
"695",9,"1",NA,74,NA,NA,NA,"yes"
"696",10,"1",NA,97,NA,NA,NA,"yes"
"697",11,"1",NA,72,NA,NA,NA,"yes"
"698",12,"1",NA,68,NA,NA,NA,"yes"
"699",13,"1",NA,75,NA,NA,NA,"yes"
"700",14,"1",NA,59,NA,NA,NA,"yes"
"701",15,"1",NA,56,NA,NA,NA,"yes"
"702",16,"1",NA,25,NA,NA,NA,"yes"
"703",17,"1",NA,54,NA,NA,NA,"yes"
"704",18,"1",NA,37,NA,NA,NA,"yes"
"705",19,"1",NA,48,NA,NA,NA,"yes"
"706",20,"1",NA,41,NA,NA,NA,"yes"
"707",21,"1",NA,50,NA,NA,NA,"yes"
"708",22,"1",NA,20,NA,NA,NA,"yes"
"709",23,"1",NA,22,NA,NA,NA,"yes"
"710",24,"1",NA,26,NA,NA,NA,"yes"
"711",25,"1",NA,43,NA,NA,NA,"yes"
"712",26,"1",NA,44,NA,NA,NA,"yes"
"713",27,"1",NA,38,NA,NA,NA,"yes"
"714",28,"1",NA,45,NA,NA,NA,"yes"
"715",29,"1",NA,23,NA,NA,NA,"yes"
"716",30,"1",NA,21,NA,NA,NA,"yes"
"717",-30,"0",NA,2,NA,NA,"early",NA
"718",-29,"0",NA,1,NA,NA,"early",NA
"719",-28,"0",NA,1,NA,NA,"early",NA
"720",-27,"0",NA,53,NA,NA,"early",NA
"721",-26,"0",NA,1,NA,NA,"early",NA
"722",-25,"0",NA,1,NA,NA,"early",NA
"723",-24,"0",NA,1,NA,NA,"early",NA
"724",-23,"0",NA,2,NA,NA,"early",NA
"725",-22,"0",NA,1,NA,NA,"early",NA
"726",-21,"0",NA,2,NA,NA,"early",NA
"727",-20,"0",NA,2,NA,NA,"early",NA
"728",-19,"0",NA,1,NA,NA,"early",NA
"729",-18,"0",NA,24,NA,NA,"early",NA
"730",-17,"0",NA,1,NA,NA,"early",NA
"731",-16,"0",NA,25,NA,NA,"early",NA
"732",-15,"0",NA,2,NA,NA,"early",NA
"733",-14,"0",NA,3,NA,NA,"early",NA
"734",-13,"0",NA,4,NA,NA,"early",NA
"735",-12,"0",NA,28,NA,NA,"early",NA
"736",-11,"0",NA,64,NA,NA,"early",NA
"737",-10,"0",NA,47,NA,NA,"early",NA
"738",-9,"0",NA,32,NA,NA,"early",NA
"739",-8,"0",NA,24,NA,NA,"early",NA
"740",-7,"0",NA,16,NA,NA,"early",NA
"741",-6,"0",NA,9,NA,NA,"early",NA
"742",-5,"0",NA,8,NA,NA,"early",NA
"743",-4,"0",NA,6,NA,NA,"early",NA
"744",-3,"0",NA,6,NA,NA,"early",NA
"745",-2,"0",NA,39,NA,NA,"early",NA
"746",-1,"0",NA,212,NA,NA,"early",NA
"747",0,"1",NA,359,NA,NA,"early",NA
"748",1,"1",NA,323,NA,NA,"early",NA
"749",2,"1",NA,229,NA,NA,"early",NA
"750",3,"1",NA,183,NA,NA,"early",NA
"751",4,"1",NA,124,NA,NA,"early",NA
"752",5,"1",NA,103,NA,NA,"early",NA
"753",6,"1",NA,179,NA,NA,"early",NA
"754",7,"1",NA,207,NA,NA,"early",NA
"755",8,"1",NA,52,NA,NA,"early",NA
"756",9,"1",NA,57,NA,NA,"early",NA
"757",10,"1",NA,79,NA,NA,"early",NA
"758",11,"1",NA,51,NA,NA,"early",NA
"759",12,"1",NA,43,NA,NA,"early",NA
"760",13,"1",NA,56,NA,NA,"early",NA
"761",14,"1",NA,38,NA,NA,"early",NA
"762",15,"1",NA,34,NA,NA,"early",NA
"763",16,"1",NA,15,NA,NA,"early",NA
"764",17,"1",NA,32,NA,NA,"early",NA
"765",18,"1",NA,12,NA,NA,"early",NA
"766",19,"1",NA,39,NA,NA,"early",NA
"767",20,"1",NA,30,NA,NA,"early",NA
"768",21,"1",NA,34,NA,NA,"early",NA
"769",22,"1",NA,11,NA,NA,"early",NA
"770",23,"1",NA,14,NA,NA,"early",NA
"771",24,"1",NA,12,NA,NA,"early",NA
"772",25,"1",NA,33,NA,NA,"early",NA
"773",26,"1",NA,35,NA,NA,"early",NA
"774",27,"1",NA,15,NA,NA,"early",NA
"775",28,"1",NA,35,NA,NA,"early",NA
"776",29,"1",NA,15,NA,NA,"early",NA
"777",30,"1",NA,11,NA,NA,"early",NA
"778",-30,"0",NA,4,NA,NA,"late",NA
"779",-29,"0",NA,4,NA,NA,"late",NA
"780",-28,"0",NA,2,NA,NA,"late",NA
"781",-27,"0",NA,3,NA,NA,"late",NA
"782",-26,"0",NA,3,NA,NA,"late",NA
"783",-25,"0",NA,2,NA,NA,"late",NA
"784",-24,"0",NA,5,NA,NA,"late",NA
"785",-23,"0",NA,4,NA,NA,"late",NA
"786",-22,"0",NA,4,NA,NA,"late",NA
"787",-21,"0",NA,3,NA,NA,"late",NA
"788",-20,"0",NA,4,NA,NA,"late",NA
"789",-19,"0",NA,5,NA,NA,"late",NA
"790",-18,"0",NA,2,NA,NA,"late",NA
"791",-17,"0",NA,3,NA,NA,"late",NA
"792",-16,"0",NA,2,NA,NA,"late",NA
"793",-15,"0",NA,4,NA,NA,"late",NA
"794",-14,"0",NA,1,NA,NA,"late",NA
"795",-13,"0",NA,3,NA,NA,"late",NA
"796",-12,"0",NA,4,NA,NA,"late",NA
"797",-11,"0",NA,3,NA,NA,"late",NA
"798",-10,"0",NA,3,NA,NA,"late",NA
"799",-9,"0",NA,14,NA,NA,"late",NA
"800",-8,"0",NA,14,NA,NA,"late",NA
"801",-7,"0",NA,4,NA,NA,"late",NA
"802",-6,"0",NA,1,NA,NA,"late",NA
"803",-5,"0",NA,2,NA,NA,"late",NA
"804",-4,"0",NA,1,NA,NA,"late",NA
"805",-3,"0",NA,3,NA,NA,"late",NA
"806",-2,"0",NA,100,NA,NA,"late",NA
"807",-1,"0",NA,73,NA,NA,"late",NA
"808",0,"1",NA,76,NA,NA,"late",NA
"809",1,"1",NA,227,NA,NA,"late",NA
"810",2,"1",NA,33,NA,NA,"late",NA
"811",3,"1",NA,19,NA,NA,"late",NA
"812",4,"1",NA,13,NA,NA,"late",NA
"813",5,"1",NA,12,NA,NA,"late",NA
"814",6,"1",NA,20,NA,NA,"late",NA
"815",7,"1",NA,16,NA,NA,"late",NA
"816",8,"1",NA,3,NA,NA,"late",NA
"817",9,"1",NA,4,NA,NA,"late",NA
"818",10,"1",NA,5,NA,NA,"late",NA
"819",11,"1",NA,9,NA,NA,"late",NA
"820",12,"1",NA,7,NA,NA,"late",NA
"821",13,"1",NA,4,NA,NA,"late",NA
"822",14,"1",NA,3,NA,NA,"late",NA
"823",15,"1",NA,4,NA,NA,"late",NA
"824",16,"1",NA,5,NA,NA,"late",NA
"825",17,"1",NA,3,NA,NA,"late",NA
"826",18,"1",NA,8,NA,NA,"late",NA
"827",19,"1",NA,8,NA,NA,"late",NA
"828",20,"1",NA,7,NA,NA,"late",NA
"829",21,"1",NA,1,NA,NA,"late",NA
"830",22,"1",NA,3,NA,NA,"late",NA
"831",23,"1",NA,2,NA,NA,"late",NA
"832",24,"1",NA,4,NA,NA,"late",NA
"833",25,"1",NA,3,NA,NA,"late",NA
"834",26,"1",NA,6,NA,NA,"late",NA
"835",27,"1",NA,8,NA,NA,"late",NA
"836",28,"1",NA,3,NA,NA,"late",NA
"837",29,"1",NA,1,NA,NA,"late",NA
"838",30,"1",NA,1,NA,NA,"late",NA
"839",-30,"0",NA,30,NA,NA,"mid",NA
"840",-29,"0",NA,57,NA,NA,"mid",NA
"841",-28,"0",NA,48,NA,NA,"mid",NA
"842",-27,"0",NA,58,NA,NA,"mid",NA
"843",-26,"0",NA,22,NA,NA,"mid",NA
"844",-25,"0",NA,10,NA,NA,"mid",NA
"845",-24,"0",NA,45,NA,NA,"mid",NA
"846",-23,"0",NA,30,NA,NA,"mid",NA
"847",-22,"0",NA,47,NA,NA,"mid",NA
"848",-21,"0",NA,68,NA,NA,"mid",NA
"849",-20,"0",NA,19,NA,NA,"mid",NA
"850",-19,"0",NA,5,NA,NA,"mid",NA
"851",-18,"0",NA,46,NA,NA,"mid",NA
"852",-17,"0",NA,49,NA,NA,"mid",NA
"853",-16,"0",NA,6,NA,NA,"mid",NA
"854",-15,"0",NA,33,NA,NA,"mid",NA
"855",-14,"0",NA,31,NA,NA,"mid",NA
"856",-13,"0",NA,32,NA,NA,"mid",NA
"857",-12,"0",NA,29,NA,NA,"mid",NA
"858",-11,"0",NA,61,NA,NA,"mid",NA
"859",-10,"0",NA,205,NA,NA,"mid",NA
"860",-9,"0",NA,315,NA,NA,"mid",NA
"861",-8,"0",NA,152,NA,NA,"mid",NA
"862",-7,"0",NA,142,NA,NA,"mid",NA
"863",-6,"0",NA,115,NA,NA,"mid",NA
"864",-5,"0",NA,146,NA,NA,"mid",NA
"865",-4,"0",NA,61,NA,NA,"mid",NA
"866",-3,"0",NA,162,NA,NA,"mid",NA
"867",-2,"0",NA,147,NA,NA,"mid",NA
"868",-1,"0",NA,105,NA,NA,"mid",NA
"869",0,"1",NA,159,NA,NA,"mid",NA
"870",1,"1",NA,104,NA,NA,"mid",NA
"871",2,"1",NA,194,NA,NA,"mid",NA
"872",3,"1",NA,271,NA,NA,"mid",NA
"873",4,"1",NA,220,NA,NA,"mid",NA
"874",5,"1",NA,144,NA,NA,"mid",NA
"875",6,"1",NA,70,NA,NA,"mid",NA
"876",7,"1",NA,107,NA,NA,"mid",NA
"877",8,"1",NA,59,NA,NA,"mid",NA
"878",9,"1",NA,98,NA,NA,"mid",NA
"879",10,"1",NA,83,NA,NA,"mid",NA
"880",11,"1",NA,54,NA,NA,"mid",NA
"881",12,"1",NA,30,NA,NA,"mid",NA
"882",13,"1",NA,64,NA,NA,"mid",NA
"883",14,"1",NA,65,NA,NA,"mid",NA
"884",15,"1",NA,57,NA,NA,"mid",NA
"885",16,"1",NA,80,NA,NA,"mid",NA
"886",17,"1",NA,60,NA,NA,"mid",NA
"887",18,"1",NA,27,NA,NA,"mid",NA
"888",19,"1",NA,23,NA,NA,"mid",NA
"889",20,"1",NA,9,NA,NA,"mid",NA
"890",21,"1",NA,34,NA,NA,"mid",NA
"891",22,"1",NA,23,NA,NA,"mid",NA
"892",23,"1",NA,19,NA,NA,"mid",NA
"893",24,"1",NA,33,NA,NA,"mid",NA
"894",25,"1",NA,17,NA,NA,"mid",NA
"895",26,"1",NA,13,NA,NA,"mid",NA
"896",27,"1",NA,46,NA,NA,"mid",NA
"897",28,"1",NA,10,NA,NA,"mid",NA
"898",29,"1",NA,11,NA,NA,"mid",NA
"899",30,"1",NA,84,NA,NA,"mid",NA
