"","STIAT.test","STIAT.practice","approve_abdel_rev","democracy1","democracy2","democracy3","democracy4","democracy5","edu","frisun_services","gender","income","list_1a","list_1b","list_2a","list_2b","list2a.clean","list2b.clean","religion","direct.support","implicit.support","rel_christian","rel_muslim","work_govemp","location","region","islamist","liberal"
"1",-0.039524005,-0.012400186,2,1,3,1,4,3,5,3,1,3,0,0,0,1,NA,1,1,0,0,0,1,0,"benisuef","upper",0,1
"2",-0.163435268,-0.254930086,3,3,2,4,3,3,5,3,1,3,0,0,0,0,NA,NA,1,1,0,0,1,0,"cairo","cairo",0,0
"3",-0.340685276,-0.437736171,2,2,3,2,2,3,5,1,1,1,0,0,0,0,NA,NA,1,0,0,0,1,0,"alexandria","alex",0,0
"4",0.138589071,0.412118863,NA,1,3,2,3,3,4,1,1,2,0,1,0,2,NA,2,1,NA,1,0,1,0,"dakahlia","delta",0,0
"5",-0.181702211,0.702843413,3,2,NA,2,4,3,5,1,1,1,0,0,0,0,NA,NA,1,1,0,0,1,0,"dakahlia","delta",0,1
"6",-1.188495743,-0.66085247,3,2,4,2,2,3,5,1,1,2,0,NA,0,2,NA,2,1,1,0,0,1,0,"cairo","cairo",0,0
"7",-0.01535586,0.21997089,1,1,3,1,2,3,5,1,1,3,0,0,0,0,NA,NA,1,0,0,0,1,0,"cairo","cairo",0,0
"8",-0.138564426,0.02832893,NA,1,3,2,3,3,5,1,2,2,0,1,0,2,NA,2,1,NA,0,0,1,0,"alexandria","alex",0,0
"9",-0.093737311,0.182724643,3,1,3,2,3,3,5,1,1,2,0,0,0,0,NA,NA,1,1,0,0,1,0,"cairo","cairo",0,0
"10",-0.257903516,-0.169835603,2,2,3,2,2,2,5,4,1,3,0,0,0,0,NA,NA,1,0,0,0,1,0,"ismailia","delta",1,0
"11",-0.036125603,0.638543785,4,1,4,2,4,4,5,1,1,3,0,0,0,3,NA,3,1,1,0,0,1,1,"dakahlia","delta",0,1
"12",0.350279505,0.521306941,2,1,3,1,NA,2,5,1,1,1,0,0,0,2,NA,2,1,0,1,0,1,0,"alexandria","alex",1,0
"13",-0.284977842,-0.668932671,3,2,4,2,3,3,6,1,1,2,0,0,0,1,NA,1,1,1,0,0,1,0,"cairo","cairo",0,0
"14",0.224246283,0.06133144,1,1,3,2,1,2,5,1,1,2,0,0,0,0,NA,0,1,0,1,0,1,0,"asyut","upper",1,0
"15",0.213188711,0.487062264,4,2,1,2,3,3,6,1,1,3,1,0,1,0,1,NA,1,1,1,0,1,0,"giza","cairo",0,0
"16",-0.387506031,-0.28192404,2,2,2,2,1,3,5,2,1,3,1,0,1,0,1,NA,1,0,0,0,1,0,"giza","cairo",1,0
"17",0.219775801,-0.084943673,2,2,3,2,2,3,4,3,1,2,1,0,0,0,0,NA,1,0,1,0,1,0,"giza","cairo",0,0
"18",0.106041529,0.31220398,2,1,4,3,3,2,4,3,2,2,0,0,0,3,NA,3,1,0,1,0,1,0,"giza","cairo",0,0
"19",0.256938824,0.031641131,3,1,3,1,3,3,5,1,1,3,0,0,0,0,NA,NA,1,1,1,0,1,0,"asyut","upper",0,0
"20",0.226136027,0.409015149,4,2,2,2,3,3,6,2,1,2,0,0,0,0,NA,NA,1,1,1,0,1,0,"gharbia","delta",0,0
"21",-0.365776263,-0.597871881,4,1,2,2,3,3,5,1,1,1,1,0,3,0,3,NA,1,1,0,0,1,0,"sohag","upper",0,0
"22",0.251436018,0.257838146,2,2,3,2,3,3,5,3,1,2,0,0,0,1,NA,1,1,0,1,0,1,0,"giza","cairo",0,0
"23",0.159183609,-0.619665944,1,1,4,1,3,4,5,1,1,2,0,0,0,0,NA,0,1,0,1,0,1,0,"dakahlia","delta",0,1
"24",-0.24348374,-0.265898354,3,2,3,2,3,3,5,1,1,2,2,0,1,0,1,NA,1,1,0,0,1,1,"sohag","upper",0,0
"25",-0.053972901,0.208319023,NA,2,3,2,3,3,5,1,1,3,1,0,2,0,2,NA,1,NA,0,0,1,1,"suez","delta",0,0
"26",0.149462149,0.103666697,3,2,2,2,2,4,5,1,1,2,2,0,2,0,2,NA,1,1,1,0,1,0,"giza","cairo",0,0
"27",0.535550465,0.363383608,4,1,4,2,1,3,5,1,1,2,4,0,4,0,4,NA,1,1,1,0,1,1,"sharqia","delta",1,0
"28",0.060402811,0.557423469,3,2,3,2,3,3,5,2,1,3,1,0,3,0,3,NA,1,1,1,0,1,0,"alexandria","alex",0,0
"29",0.387723039,0.454371063,3,2,2,2,4,4,5,3,1,3,2,0,1,0,1,NA,2,1,1,1,0,0,"cairo","cairo",0,1
"30",0.516535907,0.679209085,3,2,3,2,4,3,5,2,1,2,0,0,0,0,NA,NA,1,1,1,0,1,0,"cairo","cairo",0,1
"31",-0.010439815,0.361638106,1,3,2,2,1,2,5,1,1,3,0,0,0,0,NA,NA,1,0,0,0,1,0,"cairo","cairo",1,0
"32",0.400824716,0.617558619,2,3,2,2,2,3,4,3,1,3,0,0,0,0,NA,NA,1,0,1,0,1,0,"cairo","cairo",0,0
"33",-0.158322969,0.411720878,1,1,4,1,NA,3,5,1,1,3,0,0,0,0,NA,0,1,0,0,0,1,0,"cairo","cairo",0,0
"34",0.141179487,0.383347874,3,1,3,3,NA,3,5,1,1,2,0,0,0,0,NA,NA,1,1,1,0,1,0,"cairo","cairo",0,0
"35",-0.286251323,-0.399385937,1,1,4,2,1,2,5,5,2,1,0,1,0,0,NA,0,1,0,0,0,1,0,"alexandria","alex",1,0
"36",-0.967473296,-0.36768855,NA,NA,NA,NA,NA,4,5,4,1,1,NA,0,NA,0,NA,NA,1,NA,0,0,1,0,"gharbia","delta",0,NA
"37",-0.286477899,-0.175771405,2,2,2,2,2,3,5,1,1,3,0,0,0,0,NA,NA,1,0,0,0,1,0,"sohag","upper",0,0
"38",-0.150359057,0.179859232,1,1,4,1,1,2,5,1,1,2,0,0,0,0,NA,NA,1,0,0,0,1,1,"kafrelsheikh","delta",1,0
"39",0.373232684,0.303808688,2,2,4,2,2,4,5,1,1,3,0,NA,0,2,NA,2,1,0,1,0,1,0,"alexandria","alex",0,0
"40",0.27600472,0.388874098,3,2,3,2,3,3,5,1,2,2,0,0,0,0,NA,NA,1,1,1,0,1,0,"cairo","cairo",0,0
"41",0.273625721,0.060074678,1,4,4,1,1,4,5,1,1,3,0,0,2,0,2,NA,1,0,1,0,1,0,"alexandria","alex",0,0
"42",0.124722978,0.314142375,4,2,3,2,2,2,5,1,1,1,0,0,0,0,NA,NA,1,1,1,0,1,1,"cairo","cairo",1,0
"43",0.072469278,-0.00039597,2,1,3,1,3,3,6,5,2,1,NA,0,NA,0,NA,NA,1,0,1,0,1,0,"alexandria","alex",0,0
"44",-5.07e-05,0.230597844,3,3,2,2,2,2,3,2,1,3,NA,0,3,0,3,NA,1,1,0,0,1,0,"minya","upper",1,0
"45",0.18261646,0.069189573,3,2,2,2,4,3,5,2,1,3,0,0,0,1,NA,1,1,1,1,0,1,0,"alexandria","alex",0,1
"46",0.580539568,0.311033858,1,1,4,1,1,NA,5,4,2,1,0,0,0,0,0,NA,1,0,1,0,1,0,"cairo","cairo",1,0
"47",0.148105869,0.437579558,4,1,3,1,3,3,5,1,1,2,0,0,0,0,NA,NA,1,1,1,0,1,0,"giza","cairo",0,0
"48",-0.414777099,0.292589383,4,2,1,4,4,2,2,1,1,1,1,0,1,0,1,NA,1,1,0,0,1,0,"alexandria","alex",0,0
"49",-0.203180235,-0.044547174,3,2,3,1,4,4,5,1,1,3,0,0,0,0,NA,NA,1,1,0,0,1,0,"alexandria","alex",0,1
"50",0.346644886,1.055884621,3,2,3,2,3,3,5,1,1,3,0,0,0,2,NA,2,1,1,1,0,1,0,"cairo","cairo",0,0
"51",0.02525311,0.106684992,NA,2,3,2,NA,NA,5,1,1,1,0,0,0,0,NA,NA,1,NA,1,0,1,0,"cairo","cairo",NA,NA
"52",-0.096564756,-0.357338909,4,1,1,1,3,2,5,1,1,2,0,0,0,0,NA,NA,1,1,0,0,1,0,"damietta","delta",0,0
"53",-0.405119305,-0.064977909,1,2,1,2,1,4,5,5,2,2,0,0,0,0,NA,0,1,0,0,0,1,0,"cairo","cairo",0,0
"54",0.248058495,0.413327337,3,3,2,3,2,3,6,1,1,1,4,0,1,0,1,NA,2,1,1,1,0,0,"cairo","cairo",0,0
"55",0.035556331,0.501569886,4,1,3,1,2,3,3,1,1,2,0,1,0,2,NA,2,1,1,1,0,1,0,"beheira","delta",0,0
"56",0.343180622,-0.28603909,NA,2,3,2,2,2,5,1,1,1,0,0,0,0,NA,NA,1,NA,1,0,1,0,"asyut","upper",1,0
"57",0.294873794,0.16240836,3,2,3,1,3,2,5,1,1,1,0,0,0,0,NA,NA,1,1,1,0,1,1,"qena","upper",0,0
"58",0.129338342,0.169797046,2,2,3,2,2,3,5,2,2,2,0,0,0,2,NA,2,1,0,1,0,1,1,"beheira","delta",0,0
"59",-0.099976568,-0.39757087,2,2,3,2,NA,3,5,1,1,3,0,0,0,1,NA,1,1,0,0,0,1,0,"kafrelsheikh","delta",0,0
"60",-0.013064335,-0.204277051,3,2,2,2,2,2,3,1,1,1,0,1,0,1,NA,1,1,1,0,0,1,0,"qena","upper",1,0
"61",-0.544590293,-0.591140326,1,2,4,2,2,3,4,1,1,3,0,0,0,0,NA,NA,1,0,0,0,1,0,"cairo","cairo",0,0
"62",0.616591468,-0.093932906,1,1,1,1,1,1,5,1,2,1,0,0,0,0,NA,0,1,0,1,0,1,0,"alexandria","alex",1,0
"63",-0.150552971,-0.267470763,1,2,3,1,3,4,5,3,1,1,0,0,0,0,NA,0,1,0,0,0,1,0,"alexandria","alex",0,1
"64",-0.176868651,-0.451320701,1,1,3,1,2,2,6,4,1,1,1,0,0,0,0,NA,1,0,0,0,1,1,"damietta","delta",1,0
"65",-0.09785854,0.532074027,1,1,2,2,3,3,5,1,2,2,0,1,0,2,NA,2,1,0,0,0,1,0,"gharbia","delta",0,0
"66",-0.071497054,0.59669054,3,2,2,2,4,4,5,4,1,1,0,0,0,0,NA,NA,1,1,0,0,1,0,"cairo","cairo",0,1
"67",0.125657849,-0.219233572,3,1,3,2,1,4,5,1,2,1,0,0,0,2,NA,2,1,1,1,0,1,1,"giza","cairo",0,0
"68",0.642434048,0.683191061,4,1,3,2,4,4,3,1,1,3,4,0,2,0,2,NA,1,1,1,0,1,0,"beheira","delta",0,1
"69",0.067084712,0.049057267,2,2,3,2,3,3,5,2,1,3,0,0,0,0,0,NA,1,0,1,0,1,1,"sohag","upper",0,0
"70",0.093598909,-0.003653035,3,NA,NA,NA,4,4,5,4,1,4,0,0,0,0,NA,0,1,1,1,0,1,0,"cairo","cairo",0,NA
"71",0.485425698,-0.552611863,1,1,4,2,NA,2,5,1,1,2,0,0,2,0,2,NA,1,0,1,0,1,0,"cairo","cairo",1,0
"72",-0.379528712,0.33026639,NA,1,4,2,NA,4,5,2,1,2,0,0,NA,0,NA,NA,1,NA,0,0,1,0,"cairo","cairo",0,1
"73",0.167690637,-0.06840432,4,2,1,1,4,2,4,1,1,1,0,0,0,2,NA,2,1,1,1,0,1,1,"alexandria","alex",0,0
"74",0.323164828,-0.467068103,NA,2,3,NA,3,NA,3,1,1,1,0,0,0,1,NA,1,1,NA,1,0,1,0,"cairo","cairo",0,0
"75",0.207789532,0.080337047,4,1,4,2,3,3,5,1,1,2,0,0,4,0,4,NA,1,1,1,0,1,0,"cairo","cairo",0,0
"76",0.368286817,-0.126701452,4,1,4,1,3,3,6,5,1,3,0,0,0,0,NA,NA,1,1,1,0,1,0,"alexandria","alex",0,0
"77",-0.335647752,-0.693974765,1,1,4,1,4,4,4,3,1,1,0,0,0,0,NA,0,1,0,0,0,1,0,"giza","cairo",0,1
"78",-0.130285183,0.299596128,2,3,2,2,2,2,5,1,1,1,0,0,0,0,0,NA,1,0,0,0,1,0,"sharqia","delta",1,0
"79",-0.14191476,0.27450973,1,3,2,3,2,1,5,1,1,1,0,0,0,1,NA,1,1,0,0,0,1,0,"beheira","delta",1,0
"80",0.242211728,0.761944737,2,2,3,2,3,4,5,2,1,2,0,0,1,0,1,NA,2,0,1,1,0,0,"cairo","cairo",0,1
"81",-0.166714834,0.510845947,1,2,2,2,3,1,5,2,1,2,0,0,0,1,NA,1,2,0,0,1,0,0,"sohag","upper",0,0
"82",0.670254391,0.689987727,3,NA,NA,1,NA,NA,5,NA,2,2,0,0,3,0,3,NA,1,1,1,0,1,0,"cairo","cairo",NA,NA
"83",-0.280374069,-0.223917502,1,1,4,1,2,2,6,4,1,3,0,0,0,0,NA,0,1,0,0,0,1,1,"cairo","cairo",1,0
"84",0.002825092,-0.351870211,1,1,4,1,1,3,6,1,1,3,0,0,0,1,NA,1,1,0,1,0,1,0,"cairo","cairo",1,0
"85",0.207912062,0.562520624,2,2,2,2,3,3,5,1,1,1,0,0,0,0,NA,NA,1,0,1,0,1,0,"giza","cairo",0,0
"86",0.515715147,0.536399598,4,1,4,1,4,4,5,1,1,2,0,0,0,0,NA,NA,1,1,1,0,1,1,"dakahlia","delta",0,1
"87",0.046858778,-0.068051922,3,1,3,1,2,3,5,1,1,2,0,0,0,0,NA,NA,1,1,1,0,1,0,"gharbia","delta",0,0
"88",-0.206929752,0.223500911,3,2,3,2,2,3,5,1,1,2,0,0,0,0,NA,NA,1,1,0,0,1,1,"qalyubia","delta",0,0
"89",-0.07367393,-0.023108743,1,3,3,3,4,3,5,2,1,1,0,0,0,0,NA,NA,1,0,0,0,1,0,"gharbia","delta",0,0
"90",0.293964469,0.438568966,3,2,3,2,3,3,5,1,1,2,0,0,0,2,NA,2,1,1,1,0,1,0,"alexandria","alex",0,0
"91",0.150212361,0.124793846,3,1,3,1,NA,NA,5,1,1,1,0,0,2,0,2,NA,1,1,1,0,1,0,"cairo","cairo",NA,NA
"92",-0.048821581,-0.045332076,2,1,3,2,4,3,4,5,1,1,0,0,0,0,NA,NA,1,0,0,0,1,0,"giza","cairo",0,1
"93",0.346341611,0.030952204,3,1,1,1,1,4,5,1,1,2,0,0,3,0,3,NA,1,1,1,0,1,0,"cairo","cairo",0,0
"94",0.35210774,0.266672416,NA,NA,NA,NA,NA,NA,2,NA,1,NA,0,0,0,0,NA,NA,NA,NA,1,0,0,0,"monufia","delta",NA,NA
"95",0.303859703,-0.236927589,2,1,1,1,3,4,5,2,1,4,0,0,0,2,NA,2,1,0,1,0,1,1,"cairo","cairo",0,1
"96",0.048283632,0.401895954,4,1,2,1,3,3,5,1,1,1,0,0,0,2,NA,2,1,1,1,0,1,0,"cairo","cairo",0,0
"97",0.283271374,0.428053174,3,2,2,2,2,1,4,5,1,1,0,0,0,0,NA,NA,1,1,1,0,1,0,"cairo","cairo",1,0
"98",-0.251700747,0.042654098,4,1,3,2,3,3,6,1,2,1,0,0,0,2,NA,2,1,1,0,0,1,0,"cairo","cairo",0,0
"99",0.215730792,0.164775331,NA,3,2,2,2,2,3,1,1,1,0,0,1,0,1,NA,1,NA,1,0,1,0,"qena","upper",1,0
"100",-0.239262576,0.097539304,1,1,3,2,3,3,5,1,1,1,0,0,0,0,NA,NA,1,0,0,0,1,0,"cairo","cairo",0,0
"101",0.039823229,-0.260551614,2,2,2,2,2,3,5,1,1,2,0,0,2,0,2,NA,1,0,1,0,1,0,"portsaid","delta",0,0
"102",0.224396352,-0.079673653,3,1,3,2,3,4,5,2,1,2,0,0,4,0,4,NA,1,1,1,0,1,0,"minya","upper",0,1
"103",0.214511865,0.152861933,3,2,2,3,1,3,6,1,2,1,0,0,1,0,1,NA,1,1,1,0,1,0,"alexandria","alex",1,0
"104",0.041238346,0.314172455,3,2,3,2,NA,3,5,2,1,3,0,0,2,0,2,NA,1,1,1,0,1,0,"portsaid","delta",0,0
"105",-0.103095632,0.508695482,4,1,3,1,3,3,5,1,1,1,0,0,0,2,NA,2,1,1,0,0,1,1,"sharqia","delta",0,0
"106",0.146026721,-0.073046182,2,1,3,2,3,3,4,1,1,2,0,0,1,0,1,NA,1,0,1,0,1,0,"alexandria","alex",0,0
"107",0.010004264,-0.136881305,3,NA,NA,NA,4,3,5,2,1,1,0,0,0,3,NA,3,1,1,1,0,1,0,"portsaid","delta",0,NA
"108",-0.026692979,0.47118676,3,3,2,2,2,2,5,1,1,2,0,0,0,1,NA,1,1,1,0,0,1,0,"qena","upper",1,0
"109",0.149825103,-0.012354531,NA,NA,NA,NA,NA,NA,3,NA,2,3,0,0,0,0,NA,NA,NA,NA,1,0,0,0,"cairo","cairo",NA,NA
"110",-0.039569186,0.717232134,4,1,4,1,4,3,5,2,1,2,0,0,0,0,NA,NA,1,1,0,0,1,1,"minya","upper",0,1
"111",0.061579229,0.288683072,NA,2,3,2,3,3,3,3,1,2,0,0,0,0,NA,NA,1,NA,1,0,1,0,"giza","cairo",0,0
"112",0.183640413,0.098292267,4,1,2,1,2,2,3,1,1,1,0,0,0,2,NA,2,1,1,1,0,1,0,"cairo","cairo",1,0
"113",-0.345073063,-0.3607686,2,2,3,2,3,3,5,2,1,3,0,0,1,0,1,NA,1,0,0,0,1,0,"asyut","upper",0,0
"114",0.339754433,0.196279688,1,1,4,4,2,3,4,4,1,3,0,0,0,2,NA,2,1,0,1,0,1,0,"redsea","desert",0,0
"115",0.544477693,0.620153043,NA,2,3,2,NA,3,3,2,1,2,0,0,0,0,NA,NA,1,NA,1,0,1,0,"cairo","cairo",0,0
"116",-0.013817369,0.098624504,2,2,3,2,4,2,4,1,1,4,0,0,3,0,3,NA,1,0,0,0,1,0,"sohag","upper",0,0
"117",0.038703008,-0.063142808,3,2,2,2,4,2,6,1,1,1,0,0,0,3,NA,3,1,1,1,0,1,1,"ismailia","delta",0,0
"118",-0.275066767,0.410324972,3,1,4,1,3,3,5,1,1,1,0,0,0,2,NA,2,1,1,0,0,1,1,"alexandria","alex",0,0
"119",-0.351265278,0.113140283,1,2,3,NA,4,4,3,3,1,2,0,0,0,3,NA,3,1,0,0,0,1,0,"giza","cairo",0,1
"120",-0.002184679,0.280059294,1,2,3,2,3,4,5,4,1,2,0,0,0,0,0,NA,1,0,0,0,1,0,"alexandria","alex",0,1
"121",-0.630528042,0.20949065,4,2,3,2,3,3,5,1,1,1,0,0,0,0,NA,NA,1,1,0,0,1,0,"dakahlia","delta",0,0
"122",-0.321937137,-0.247957475,1,1,3,1,3,3,5,2,1,3,0,0,1,0,1,NA,1,0,0,0,1,0,"sohag","upper",0,0
"123",0.475014939,0.501154263,2,2,3,2,3,4,5,1,1,2,0,0,0,3,NA,3,1,0,1,0,1,1,"giza","cairo",0,1
"124",0.061311304,0.30889425,NA,2,2,2,NA,NA,3,2,1,2,0,0,0,1,NA,1,1,NA,1,0,1,0,"cairo","cairo",NA,NA
"125",0.504690588,-0.06902397,2,2,2,2,NA,4,4,3,1,2,0,0,0,0,NA,NA,2,0,1,1,0,0,"alexandria","alex",0,1
"126",0.080981545,-0.108223926,2,2,3,2,NA,3,4,2,1,2,0,0,0,2,NA,2,1,0,1,0,1,0,"asyut","upper",0,0
"127",0.019130233,-0.071331137,NA,3,1,2,2,3,NA,4,2,NA,0,0,1,0,1,NA,1,NA,1,0,1,0,"minya","upper",0,0
"128",0.180783,-0.248879853,2,3,3,1,2,2,5,2,1,1,0,0,0,0,NA,NA,1,0,1,0,1,0,"gharbia","delta",1,0
"129",-0.490386519,-0.055422759,1,1,3,1,1,1,6,1,1,3,0,0,0,0,NA,NA,1,0,0,0,1,0,"kafrelsheikh","delta",1,0
"130",-0.233750844,0.201508129,3,2,2,3,1,4,3,1,1,2,0,0,0,0,NA,NA,1,1,0,0,1,0,"cairo","cairo",0,0
"131",-0.130508448,0.712917978,4,2,3,2,3,3,5,1,1,2,0,0,0,0,NA,NA,1,1,0,0,1,0,"cairo","cairo",0,0
"132",0.409241433,0.870470789,1,1,4,1,2,2,5,1,1,3,0,0,0,0,0,NA,1,0,1,0,1,0,"cairo","cairo",1,0
"133",-0.109465835,0.016424862,2,3,2,3,3,3,3,1,1,2,0,0,3,0,3,NA,1,0,0,0,1,0,"benisuef","upper",0,0
"134",0.068583038,0.765338596,1,1,3,1,3,4,4,3,2,4,0,0,0,1,NA,1,1,0,1,0,1,0,"qena","upper",0,1
"135",0.42461255,0.49428091,4,2,3,2,4,2,5,1,1,2,0,0,4,0,4,NA,1,1,1,0,1,0,"cairo","cairo",0,0
"136",-0.012648566,-0.154460923,2,2,3,2,2,NA,5,2,1,3,0,0,1,0,1,NA,1,0,0,0,1,0,"aswan","upper",1,0
"137",-0.151895627,-0.146275116,1,1,4,1,1,1,6,1,1,1,0,0,0,0,0,NA,1,0,0,0,1,0,"cairo","cairo",1,0
"138",-0.307719918,0.005677611,1,1,4,1,1,1,5,1,1,2,0,0,1,0,1,NA,1,0,0,0,1,0,"monufia","delta",1,0
"139",0.233702006,-0.492552546,NA,1,4,2,2,2,4,1,1,2,0,0,2,0,2,NA,1,NA,1,0,1,0,"cairo","cairo",1,0
"140",0.273099867,0.422313462,4,1,3,2,3,3,6,2,1,NA,0,0,0,2,NA,2,1,1,1,0,1,0,"cairo","cairo",0,0
"141",-0.283955055,-0.016257102,4,1,4,1,4,4,3,3,1,2,0,0,4,0,4,NA,1,1,0,0,1,0,"gharbia","delta",0,1
"142",-0.32448718,-0.188714202,3,2,3,2,4,3,4,1,1,3,0,0,0,1,NA,1,1,1,0,0,1,0,"giza","cairo",0,1
"143",0.624475755,0.75493161,3,2,NA,2,NA,NA,6,1,1,3,0,0,2,0,2,NA,1,1,1,0,1,1,"cairo","cairo",NA,NA
"144",-0.29007101,0.490079374,3,3,3,2,2,3,5,1,1,3,0,0,0,0,NA,NA,1,1,0,0,1,0,"cairo","cairo",0,0
"145",-0.747513222,-0.116517129,2,2,2,2,3,3,3,5,1,3,0,0,0,0,NA,NA,1,0,0,0,1,0,"matruh","desert",0,0
"146",-0.11763225,-0.491144081,1,3,1,3,3,3,3,1,1,3,0,0,2,0,2,NA,1,0,0,0,1,0,"cairo","cairo",0,0
"147",0.552397872,0.587511478,NA,2,3,2,NA,2,3,2,1,3,0,0,0,0,NA,0,1,NA,1,0,1,0,"cairo","cairo",1,0
"148",-0.265794171,-0.137577157,4,1,1,1,1,1,5,1,1,2,0,0,0,3,NA,3,1,1,0,0,1,0,"monufia","delta",1,0
"149",-0.114017318,-0.704723479,3,2,3,2,NA,NA,3,1,1,3,0,0,0,2,NA,2,1,1,0,0,1,0,"cairo","cairo",NA,NA
"150",0.045403622,0.158077194,2,NA,NA,2,3,3,2,1,2,1,0,0,0,NA,NA,NA,1,0,1,0,1,0,"giza","cairo",0,0
"151",-0.162074397,0.030983482,NA,NA,NA,NA,NA,NA,5,5,2,NA,0,0,NA,0,NA,NA,1,NA,0,0,1,0,"portsaid","delta",NA,NA
"152",0.375752596,0.225288499,4,2,NA,NA,3,NA,4,1,1,2,0,0,0,0,NA,NA,1,1,1,0,1,0,"cairo","cairo",0,0
"153",-0.186891889,0.518551085,3,3,2,3,4,2,5,3,1,3,0,0,0,2,NA,2,2,1,0,1,0,1,"alexandria","alex",0,0
"154",0.266448787,-0.253580143,1,4,NA,NA,2,NA,5,1,1,2,0,0,1,0,1,NA,1,0,1,0,1,0,"dakahlia","delta",1,0
"155",0.224834139,0.539040138,4,1,3,2,4,4,5,1,1,4,0,0,0,3,NA,3,2,1,1,1,0,0,"cairo","cairo",0,1
"156",0.244373639,0.652735101,4,2,3,2,3,3,5,1,1,2,0,0,0,0,NA,NA,1,1,1,0,1,0,"gharbia","delta",0,0
"157",0.155123985,-0.443253381,2,2,3,2,NA,4,5,1,1,3,0,0,2,0,2,NA,1,0,1,0,1,1,"damietta","delta",0,1
"158",0.636262901,0.879715395,4,NA,NA,2,4,4,5,NA,1,3,0,0,4,0,4,NA,1,1,1,0,1,1,"alexandria","alex",0,1
"159",0.122247374,-0.186896179,1,1,3,3,2,3,4,2,1,3,0,0,0,1,NA,1,1,0,1,0,1,0,"redsea","desert",0,0
"160",0.114230903,-0.178128932,1,2,4,1,2,1,3,1,1,2,0,0,2,0,2,NA,1,0,1,0,1,0,"benisuef","upper",1,0
"161",-0.073612523,0.292876636,3,1,2,1,2,3,1,1,1,3,0,0,4,0,4,NA,1,1,0,0,1,0,"cairo","cairo",0,0
"162",0.006416605,-0.054687139,3,1,1,1,1,3,5,1,1,1,0,0,4,0,4,NA,1,1,1,0,1,0,"cairo","cairo",1,0
"163",0.060545077,0.399227452,1,1,3,1,3,3,5,1,1,3,0,0,0,NA,NA,NA,1,0,1,0,1,0,"ismailia","delta",0,0
"164",-0.142781301,-0.387431241,2,2,2,1,4,3,5,1,1,3,0,0,4,0,4,NA,1,0,0,0,1,0,"giza","cairo",0,1
"165",0.142346642,0.387512658,2,1,3,2,3,3,4,1,1,2,0,0,0,1,NA,1,1,0,1,0,1,0,"dakahlia","delta",0,0
"166",0.187719986,-0.322904263,3,1,2,1,2,1,4,5,1,1,0,0,0,0,NA,NA,1,1,1,0,1,0,"damietta","delta",1,0
"167",0.494910994,0.490403093,3,2,2,2,3,2,6,1,1,1,0,0,4,0,4,NA,1,1,1,0,1,1,"qalyubia","delta",0,0
"168",-0.21798389,0.0882082,3,3,1,3,2,1,5,4,1,3,0,0,2,0,2,NA,1,1,0,0,1,0,"cairo","cairo",1,0
"169",0.485441036,0.383482056,3,2,3,2,3,3,4,3,1,3,0,0,1,0,1,NA,1,1,1,0,1,0,"cairo","cairo",0,0
"170",-0.090875973,-0.030975467,1,3,2,2,2,2,5,1,1,2,0,0,0,0,NA,0,1,0,0,0,1,0,"alexandria","alex",1,0
"171",0.201590011,0.297399447,4,1,NA,2,NA,NA,5,1,1,3,0,0,4,0,4,NA,1,1,1,0,1,0,"cairo","cairo",NA,NA
"172",-0.946568742,-0.337406015,2,3,3,2,4,4,5,5,1,2,0,0,0,0,NA,NA,2,0,0,1,0,0,"giza","cairo",0,0
"173",-0.333540475,0.077876984,1,2,4,2,4,4,3,5,1,1,0,0,0,0,NA,NA,NA,0,0,0,0,0,"cairo","cairo",0,1
"174",-0.589917752,0.216126394,3,3,3,3,4,4,5,1,1,1,0,0,4,0,4,NA,1,1,0,0,1,0,"sohag","upper",0,0
"175",-0.183061839,-0.001182858,2,2,4,2,NA,4,5,2,1,3,0,0,0,1,NA,1,1,0,0,0,1,0,"cairo","cairo",0,1
"176",-0.144478873,0.389361424,4,1,4,4,1,4,5,1,1,2,0,0,0,0,NA,NA,1,1,0,0,1,1,"cairo","cairo",0,0
"177",-0.665962161,-0.453535097,1,1,4,1,1,4,5,1,1,2,0,0,0,0,NA,NA,1,0,0,0,1,0,"alexandria","alex",0,0
"178",0.143355893,0.493443383,3,3,2,3,3,4,6,2,1,2,0,0,3,0,3,NA,1,1,1,0,1,0,"cairo","cairo",0,0
"179",0.178623867,0.262195724,NA,4,2,3,3,2,4,3,1,4,0,0,3,0,3,NA,1,NA,1,0,1,0,"cairo","cairo",0,0
"180",0.186188781,0.158060437,3,2,2,2,4,4,5,1,1,2,0,0,0,1,NA,1,1,1,1,0,1,0,"gharbia","delta",0,1
"181",-0.047845903,0.36008718,3,1,3,2,2,3,3,1,1,2,0,0,0,2,NA,2,1,1,0,0,1,0,"dakahlia","delta",0,0
"182",0.040370681,-0.239568321,NA,3,1,1,NA,NA,5,3,1,3,0,0,NA,0,NA,NA,1,NA,1,0,1,0,"gharbia","delta",NA,NA
"183",-0.438132973,0.323652975,4,2,3,1,3,3,5,1,1,2,0,0,2,0,2,NA,1,1,0,0,1,0,"kafrelsheikh","delta",0,0
"184",0.212812213,-0.463826552,1,2,1,2,3,1,3,1,1,2,0,0,0,0,NA,NA,1,0,1,0,1,0,"gharbia","delta",1,0
"185",0.92346816,0.340942515,3,2,4,2,3,3,5,4,1,4,0,0,4,0,4,NA,1,1,1,0,1,0,"cairo","cairo",0,0
"186",0.25086026,-0.224732652,2,1,1,2,1,1,5,1,1,1,0,0,0,2,NA,2,1,0,1,0,1,0,"giza","cairo",1,0
"187",0.267166854,-0.732985531,3,2,2,2,4,4,5,2,2,3,0,0,2,0,2,NA,2,1,1,1,0,0,"cairo","cairo",0,1
"188",-0.508008649,0.073517036,4,NA,NA,2,4,3,4,1,1,NA,0,0,0,0,NA,NA,1,1,0,0,1,0,"monufia","delta",0,1
"189",-0.310819646,0.133999593,NA,NA,NA,NA,NA,NA,3,NA,2,2,0,0,NA,0,NA,NA,NA,NA,0,0,0,0,"kafrelsheikh","delta",NA,NA
"190",0.014849602,-0.291931702,3,2,4,2,3,4,6,1,1,2,0,0,0,1,NA,1,1,1,1,0,1,0,"cairo","cairo",0,1
"191",-0.237379395,-0.212573047,4,1,4,2,4,4,3,1,1,2,0,0,4,0,4,NA,1,1,0,0,1,0,"alexandria","alex",0,1
"192",0.37782469,-0.425330594,NA,NA,NA,NA,NA,NA,3,2,1,2,0,0,0,0,NA,NA,1,NA,1,0,1,0,"cairo","cairo",NA,NA
"193",0.136904942,0.215694727,4,2,3,1,4,2,6,3,1,1,0,0,0,0,NA,NA,1,1,1,0,1,1,"gharbia","delta",0,0
"194",-0.179573667,-0.445728838,2,2,3,2,2,3,3,2,1,3,0,0,2,0,2,NA,1,0,0,0,1,0,"giza","cairo",0,0
"195",-0.315250454,0.125408597,1,NA,2,3,2,2,5,1,1,NA,0,0,0,0,NA,NA,1,0,0,0,1,0,"cairo","cairo",1,0
"196",0.097871168,-0.473219657,3,2,2,2,3,3,5,2,2,2,0,0,0,0,NA,NA,2,1,1,1,0,0,"benisuef","upper",0,0
"197",0.039807502,0.274480815,2,1,1,2,1,2,5,1,1,1,0,0,0,3,NA,3,1,0,1,0,1,0,"alexandria","alex",1,0
"198",-0.246942933,0.291495136,4,3,1,1,3,1,4,1,1,1,0,0,1,0,1,NA,1,1,0,0,1,1,"minya","upper",1,0
"199",-0.114107951,-0.140290779,2,NA,NA,2,NA,2,4,5,1,1,0,0,3,0,3,NA,1,0,0,0,1,0,"sohag","upper",1,0
"200",0.29755014,0.430163069,1,1,4,2,3,2,5,1,1,1,0,0,1,0,1,NA,1,0,1,0,1,1,"dakahlia","delta",0,0
"201",0.347595799,0.200275057,4,1,3,2,4,NA,5,3,2,3,0,0,0,1,NA,1,1,1,1,0,1,0,"kafrelsheikh","delta",0,1
"202",0.428071523,-0.445520517,1,1,NA,NA,NA,4,4,3,1,2,0,0,0,0,NA,NA,1,0,1,0,1,0,"cairo","cairo",0,1
"203",-0.273026998,0.114432873,4,2,2,NA,4,4,3,5,1,2,0,0,0,0,NA,NA,1,1,0,0,1,0,"kafrelsheikh","delta",0,1
"204",-0.116466678,0.273441654,3,1,3,2,3,3,5,1,1,2,0,0,2,0,2,NA,1,1,0,0,1,0,"giza","cairo",0,0
"205",0.108469538,0.322271075,4,1,3,2,4,4,6,1,1,1,0,0,0,0,NA,NA,1,1,1,0,1,1,"alexandria","alex",0,1
"206",-0.00328507,0.363414472,NA,1,3,1,2,2,4,1,1,2,0,0,2,0,2,NA,1,NA,0,0,1,0,"asyut","upper",1,0
"207",0.161839888,0.125075349,3,2,2,2,2,2,5,1,1,3,0,0,1,0,1,NA,1,1,1,0,1,0,"giza","cairo",1,0
"208",-0.065359842,0.163873101,NA,2,NA,2,NA,3,5,1,1,NA,0,0,0,2,NA,2,1,NA,0,0,1,0,"sharqia","delta",0,0
"209",-0.043592839,0.20514581,4,1,1,1,4,4,5,NA,1,1,0,0,NA,0,NA,NA,1,1,0,0,1,0,"suez","delta",0,1
"210",0.401844715,0.162710316,NA,1,4,1,3,2,5,3,1,2,0,0,0,0,NA,0,1,NA,1,0,1,0,"damietta","delta",0,0
"211",-0.21874896,-0.010959748,2,NA,NA,NA,NA,NA,5,3,1,1,0,0,0,0,0,NA,1,0,0,0,1,1,"giza","cairo",NA,NA
"212",-0.049123826,-0.2459082,1,1,1,2,2,1,3,1,1,3,0,0,0,0,NA,NA,1,0,0,0,1,0,"gharbia","delta",1,0
"213",0.072134146,-0.133510618,4,3,1,3,3,3,5,4,2,1,0,0,0,0,NA,NA,1,1,1,0,1,0,"alexandria","alex",0,0
"214",0.651960887,0.042365368,3,1,3,NA,4,4,6,2,1,2,0,0,4,0,4,NA,1,1,1,0,1,0,"cairo","cairo",0,1
"215",0.188474014,-0.099733718,3,2,2,2,2,1,3,1,1,3,0,0,1,0,1,NA,1,1,1,0,1,0,"cairo","cairo",1,0
"216",0.245013745,-0.32189457,1,1,4,3,NA,2,5,1,1,NA,0,0,1,0,1,NA,1,0,1,0,1,0,"fayoum","upper",1,0
"217",-0.253277649,0.027213909,4,2,NA,NA,NA,NA,5,1,1,NA,0,0,0,0,NA,NA,1,1,0,0,1,0,"cairo","cairo",NA,NA
"218",0.49125057,0.591546408,4,1,NA,2,3,3,5,1,1,1,0,0,2,0,2,NA,1,1,1,0,1,0,"cairo","cairo",0,0
"219",-0.264738614,-0.422869372,2,3,3,1,3,4,5,1,1,3,0,0,1,0,1,NA,1,0,0,0,1,0,"cairo","cairo",0,1
"220",-0.32113161,0.362506688,4,2,2,2,4,3,5,1,1,2,0,0,0,1,NA,1,1,1,0,0,1,0,"cairo","cairo",0,1
"221",-0.214662227,0.580658641,3,2,3,2,4,4,4,4,2,1,0,0,0,2,NA,2,1,1,0,0,1,0,"giza","cairo",0,1
"222",-0.224949112,0.672186498,3,1,2,NA,4,3,6,1,1,1,0,0,0,0,NA,NA,1,1,0,0,1,0,"cairo","cairo",0,1
"223",-0.10524341,-0.01251472,2,2,3,1,1,3,3,1,1,3,0,0,0,0,NA,NA,1,0,0,0,1,0,"cairo","cairo",1,0
"224",0.285196416,0.242345627,2,1,2,2,2,2,3,1,1,1,0,0,2,0,2,NA,1,0,1,0,1,0,"alexandria","alex",1,0
"225",0.291605363,0.01457181,3,3,2,2,4,3,5,1,1,3,0,0,0,3,NA,3,1,1,1,0,1,0,"cairo","cairo",0,0
"226",-0.253662764,0.495094053,3,3,3,2,4,3,5,1,1,3,0,0,0,0,NA,NA,1,1,0,0,1,0,"giza","cairo",0,0
"227",-0.147278877,0.775004824,3,2,3,2,4,4,5,1,2,2,0,0,3,0,3,NA,1,1,0,0,1,0,"cairo","cairo",0,1
"228",0.021519875,-0.348938694,1,1,4,1,1,4,5,1,1,2,0,0,0,0,0,NA,1,0,1,0,1,0,"gharbia","delta",0,0
"229",0.138463902,-0.573291113,1,2,2,1,2,2,3,1,1,1,0,0,1,0,1,NA,1,0,1,0,1,0,"asyut","upper",1,0
"230",0.035330875,0.209863799,4,1,2,2,3,3,6,1,2,1,0,0,3,0,3,NA,1,1,1,0,1,0,"cairo","cairo",0,0
"231",-0.361877805,-0.141073979,3,2,2,1,1,3,4,1,1,3,0,0,3,0,3,NA,2,1,0,1,0,1,"fayoum","upper",0,0
"232",-0.044767466,0.412438894,4,2,3,2,2,2,4,5,1,1,0,0,4,0,4,NA,1,1,0,0,1,0,"cairo","cairo",1,0
"233",0.294886778,0.475993067,4,1,1,1,3,2,5,1,1,NA,0,0,0,2,NA,2,1,1,1,0,1,0,"northsinai","desert",0,0
"234",0.484646695,-0.044645051,3,2,3,1,4,4,6,1,1,1,0,0,0,2,NA,2,1,1,1,0,1,1,"cairo","cairo",0,1
"235",0.14779796,-0.364851908,3,2,3,2,4,4,5,2,1,1,0,0,0,0,NA,NA,2,1,1,1,0,0,"cairo","cairo",0,1
"236",-0.03556352,-0.150550666,3,1,3,2,3,3,4,1,1,2,0,0,0,0,NA,NA,1,1,0,0,1,0,"dakahlia","delta",0,0
"237",0.053964592,0.051036661,1,2,2,2,3,3,4,3,1,1,0,0,1,0,1,NA,1,0,1,0,1,1,"alexandria","alex",0,0
"238",0.030612821,-0.122092642,4,1,1,2,3,3,5,1,1,1,0,0,0,3,NA,3,1,1,1,0,1,1,"qalyubia","delta",0,0
"239",0.050642195,0.049557345,2,1,1,1,1,1,5,1,2,1,0,0,1,0,1,NA,1,0,1,0,1,0,"alexandria","alex",1,0
"240",-0.113461172,0.095385468,1,2,3,2,4,4,5,4,1,2,0,0,0,1,NA,1,1,0,0,0,1,0,"alexandria","alex",0,1
"241",-0.580039865,-0.31987166,3,2,3,2,4,4,5,2,1,1,0,0,0,3,NA,3,2,1,0,1,0,0,"alexandria","alex",0,1
"242",-0.29569826,-0.330768389,NA,1,3,1,4,4,5,1,1,3,0,0,0,0,NA,NA,1,NA,0,0,1,0,"cairo","cairo",0,1
"243",0.580218708,0.307943564,3,2,3,2,3,4,3,3,1,2,0,0,0,0,NA,NA,1,1,1,0,1,0,"beheira","delta",0,1
"244",-0.022342354,0.355936267,NA,2,2,2,3,2,5,1,1,2,0,0,2,0,2,NA,1,NA,0,0,1,1,"qena","upper",0,0
"245",0.542027809,0.437361359,NA,3,3,3,NA,NA,5,1,1,4,0,0,3,0,3,NA,1,NA,1,0,1,0,"cairo","cairo",NA,NA
"246",0.02449376,0.287773325,2,2,2,2,4,3,5,3,1,1,0,0,0,2,NA,2,1,0,1,0,1,0,"dakahlia","delta",0,1
"247",0.406214371,0.515943937,3,1,1,1,1,1,6,1,1,1,0,0,0,0,NA,NA,1,1,1,0,1,0,"alexandria","alex",1,0
"248",0.345709314,0.027552647,3,1,4,3,NA,4,5,1,1,2,0,0,3,0,3,NA,1,1,1,0,1,0,"gharbia","delta",0,1
"249",0.256646851,0.340971894,3,3,2,3,4,4,5,2,1,1,0,0,3,0,3,NA,2,1,1,1,0,0,"cairo","cairo",0,0
"250",0.008776289,0.30615016,3,2,3,2,3,3,3,1,1,3,0,0,0,2,NA,2,1,1,1,0,1,0,"giza","cairo",0,0
"251",0.454110071,0.372562505,3,3,NA,2,3,3,4,2,1,3,0,0,0,3,NA,3,1,1,1,0,1,0,"beheira","delta",0,0
"252",-0.190993229,0.218783682,3,2,3,2,1,3,5,4,1,4,0,0,0,0,NA,NA,1,1,0,0,1,0,"cairo","cairo",1,0
"253",-0.479679296,0.585322094,2,2,2,1,3,4,5,3,1,3,0,0,3,0,3,NA,1,0,0,0,1,1,"giza","cairo",0,1
"254",0.32589177,0.450353478,3,1,1,1,2,4,5,1,1,1,0,0,0,2,NA,2,1,1,1,0,1,1,"alexandria","alex",0,0
"255",0.144656881,-0.275342641,2,3,2,3,3,2,4,2,1,3,0,0,0,0,NA,NA,1,0,1,0,1,0,"cairo","cairo",0,0
"256",-0.084233714,0.485506311,2,2,3,2,4,3,6,1,1,3,0,0,0,2,NA,2,1,0,0,0,1,0,"alexandria","alex",0,1
"257",0.381678836,-0.061048939,2,3,4,2,1,3,5,1,1,3,0,0,0,0,NA,NA,1,0,1,0,1,0,"cairo","cairo",1,0
"258",0.165861119,-0.29016045,3,2,4,2,4,3,6,1,1,2,0,0,0,0,NA,NA,1,1,1,0,1,0,"cairo","cairo",0,1
"259",0.287027727,-0.049332931,NA,NA,NA,NA,NA,NA,NA,NA,1,NA,0,0,NA,0,NA,NA,NA,NA,1,0,0,0,"damietta","delta",NA,NA
"260",0.081790509,0.322227225,2,3,2,2,1,3,3,2,2,3,0,0,0,3,NA,3,1,0,1,0,1,0,"cairo","cairo",1,0
"261",0.168406451,0.370329221,3,3,2,2,4,4,5,1,1,2,0,0,1,0,1,NA,2,1,1,1,0,0,"gharbia","delta",0,0
"262",0.006909842,-0.122858231,NA,NA,NA,2,2,NA,4,1,1,3,0,0,0,0,NA,0,1,NA,1,0,1,0,"qena","upper",1,0
"263",0.316835445,0.447353661,NA,2,3,2,3,4,4,1,1,2,0,0,2,0,2,NA,1,NA,1,0,1,0,"redsea","desert",0,1
"264",-0.164785714,-0.357905078,NA,NA,NA,NA,NA,NA,4,1,1,3,0,0,2,0,2,NA,1,NA,0,0,1,0,"cairo","cairo",NA,NA
"265",-0.088457539,0.743290055,NA,2,3,2,3,4,4,1,1,2,0,0,0,2,NA,2,1,NA,0,0,1,0,"redsea","desert",0,1
"266",0.195343664,0.150116271,3,1,3,1,NA,3,4,4,2,3,0,0,0,0,NA,NA,1,1,1,0,1,0,"cairo","cairo",0,0
"267",0.218944466,-0.332053766,1,2,3,2,1,2,5,1,1,2,0,0,0,NA,NA,NA,1,0,1,0,1,0,"asyut","upper",1,0
"268",0.131261965,0.437132811,1,2,3,2,1,2,5,1,1,2,0,0,NA,0,NA,NA,1,0,1,0,1,0,"asyut","upper",1,0
"269",0.467272639,-0.362141252,3,2,3,1,3,3,3,1,1,3,0,0,0,1,NA,1,1,1,1,0,1,0,"dakahlia","delta",0,0
"270",-0.019740448,-0.085104281,3,3,3,3,4,4,5,1,1,1,0,0,0,3,NA,3,1,1,0,0,1,0,"sohag","upper",0,0
"271",0.42975491,0.725609959,3,2,3,2,3,3,5,1,1,3,0,0,0,0,NA,NA,1,1,1,0,1,0,"beheira","delta",0,0
"272",0.343338075,0.266168193,1,2,3,2,3,3,6,1,2,1,0,0,1,0,1,NA,1,0,1,0,1,1,"cairo","cairo",0,0
"273",-0.295622285,-0.323330605,1,2,4,2,2,3,5,3,2,2,0,0,0,0,NA,NA,1,0,0,0,1,0,"cairo","cairo",0,0
"274",0.242282053,0.56181376,3,3,2,2,4,4,5,2,1,2,0,0,2,0,2,NA,2,1,1,1,0,0,"gharbia","delta",0,0
"275",0.004355423,0.282842404,4,1,4,1,4,4,5,1,1,2,0,0,0,2,NA,2,1,1,1,0,1,0,"cairo","cairo",0,1
"276",0.00092299,0.209016173,2,2,2,2,2,4,4,3,1,1,0,0,2,0,2,NA,1,0,1,0,1,1,"northsinai","desert",0,0
"277",-0.067628809,-0.071385023,2,2,3,2,2,2,5,3,1,1,0,0,0,0,0,NA,1,0,0,0,1,0,"giza","cairo",1,0
"278",0.14028475,0.317904722,2,3,4,4,3,3,5,2,1,1,0,0,2,0,2,NA,1,0,1,0,1,0,"giza","cairo",0,0
"279",0.345739512,-0.010278483,4,1,1,1,3,3,5,4,2,1,0,0,0,0,NA,NA,1,1,1,0,1,0,"alexandria","alex",0,0
"280",-0.074634333,-0.25853535,2,2,NA,2,4,4,6,3,2,4,0,0,0,3,NA,3,1,0,0,0,1,0,"dakahlia","delta",0,1
"281",0.27095105,0.707688437,4,2,3,2,3,3,5,4,2,2,0,0,1,0,1,NA,1,1,1,0,1,0,"monufia","delta",0,0
"282",0.358761654,0.139944133,3,NA,NA,NA,NA,NA,5,NA,2,2,0,0,4,0,4,NA,1,1,1,0,1,0,"cairo","cairo",NA,NA
"283",-0.064646581,0.095473932,NA,NA,NA,NA,NA,NA,2,1,1,1,0,0,0,NA,NA,NA,1,NA,0,0,1,0,"damietta","delta",NA,NA
"284",-0.652718995,0.044516808,NA,NA,NA,NA,NA,NA,4,1,1,NA,0,0,0,1,NA,1,1,NA,0,0,1,0,"giza","cairo",NA,NA
"285",0.245564745,-0.30840405,2,4,2,3,4,4,5,1,1,3,0,0,0,0,NA,0,1,0,1,0,1,0,"alexandria","alex",0,0
"286",0.314374877,-0.092810645,2,3,3,2,4,4,5,1,1,3,0,0,0,0,NA,NA,1,0,1,0,1,0,"alexandria","alex",0,0
"287",-0.5980951,-0.224148245,2,2,3,1,4,4,5,3,1,2,0,0,1,0,1,NA,2,0,0,1,0,0,"alexandria","alex",0,1
"288",-0.188944188,-0.126542634,2,3,1,1,3,3,5,1,1,3,0,0,0,2,NA,2,1,0,0,0,1,1,"alexandria","alex",0,0
"289",-0.078794837,0.013948366,2,3,3,4,4,4,3,3,1,1,0,0,3,0,3,NA,1,0,0,0,1,0,"cairo","cairo",0,0
"290",0.447674929,0.023024417,3,3,2,2,4,4,5,1,1,2,0,0,0,0,NA,NA,1,1,1,0,1,0,"giza","cairo",0,0
"291",0.470174459,0.630918365,4,2,2,3,3,3,5,1,1,3,0,0,0,2,NA,2,1,1,1,0,1,0,"beheira","delta",0,0
"292",0.272326425,0.421545581,3,2,3,2,NA,NA,5,1,1,3,0,0,0,3,NA,3,1,1,1,0,1,0,"cairo","cairo",NA,NA
"293",-0.300361867,0.40260813,NA,NA,3,NA,4,4,6,3,1,3,0,0,0,1,NA,1,2,NA,0,1,0,1,"giza","cairo",0,NA
"294",0.374713292,0.516656926,3,1,4,2,NA,3,5,1,1,2,0,0,0,2,NA,2,1,1,1,0,1,0,"gharbia","delta",0,0
"295",0.13914987,0.109184688,2,2,2,2,2,3,5,1,1,2,0,0,0,1,NA,1,1,0,1,0,1,0,"cairo","cairo",0,0
"296",0.559183093,0.438295927,2,2,2,2,2,2,5,1,1,1,0,0,0,0,NA,NA,1,0,1,0,1,1,"qena","upper",1,0
"297",-0.208974378,-0.179354345,2,1,4,2,3,3,5,3,1,2,0,0,0,0,NA,NA,1,0,0,0,1,1,"gharbia","delta",0,0
"298",0.505698314,0.226959228,2,3,2,2,4,4,5,1,1,3,0,0,1,0,1,NA,1,0,1,0,1,0,"cairo","cairo",0,0
"299",0.159791666,0.170885512,NA,2,3,2,3,3,5,2,1,4,0,0,0,0,NA,NA,1,NA,1,0,1,0,"cairo","cairo",0,0
"300",-0.161009723,-0.15486654,2,1,4,2,3,3,5,3,1,2,0,0,0,0,NA,NA,1,0,0,0,1,1,"gharbia","delta",0,0
"301",0.087485483,0.179936584,4,2,2,2,4,4,5,1,1,2,0,0,2,0,2,NA,1,1,1,0,1,0,"cairo","cairo",0,1
"302",-0.010063625,-0.233209868,NA,2,3,NA,NA,4,5,2,1,NA,0,0,0,0,NA,0,1,NA,0,0,1,0,"cairo","cairo",0,1
"303",0.300986581,0.230100702,NA,1,4,4,NA,NA,5,1,1,2,0,0,4,0,4,NA,1,NA,1,0,1,0,"cairo","cairo",NA,NA
"304",0.216276685,0.224418716,NA,NA,NA,NA,NA,NA,5,NA,1,NA,0,0,NA,0,NA,NA,NA,NA,1,0,0,0,"cairo","cairo",NA,NA
"305",-0.082724414,0.014380605,2,2,3,2,2,3,5,1,1,2,0,0,0,1,NA,1,1,0,0,0,1,0,"gharbia","delta",0,0
"306",-0.214284533,0.199225005,NA,1,3,1,NA,4,6,1,1,3,0,0,2,0,2,NA,1,NA,0,0,1,1,"minya","upper",0,1
"307",0.066948776,0.250953,3,NA,NA,2,NA,4,3,1,1,3,0,0,0,0,NA,NA,1,1,1,0,1,0,"dakahlia","delta",0,1
"308",0.632186714,0.080077828,NA,1,4,2,1,4,5,1,1,3,0,0,0,2,NA,2,1,NA,1,0,1,0,"damietta","delta",0,0
"309",-0.875186982,-0.249668135,2,3,NA,4,3,NA,5,4,1,3,0,0,0,0,NA,NA,1,0,0,0,1,0,"cairo","cairo",0,0
"310",0.428306628,0.204335566,3,NA,NA,2,NA,4,3,1,1,3,0,0,2,0,2,NA,1,1,1,0,1,0,"dakahlia","delta",0,1
"311",-0.00307648,0.478245983,4,2,NA,2,4,4,5,1,1,1,0,0,0,2,NA,2,1,1,0,0,1,1,"cairo","cairo",0,1
"312",-0.635899231,0.372507308,3,3,2,3,3,3,5,2,1,3,0,0,4,0,4,NA,1,1,0,0,1,0,"portsaid","delta",0,0
"313",0.2989021,0.64824994,4,1,3,3,4,4,5,2,1,1,0,0,0,0,NA,NA,1,1,1,0,1,1,"cairo","cairo",0,1
"314",-0.117645301,0.239965955,1,3,3,2,3,4,5,1,1,1,0,0,0,0,NA,NA,1,0,0,0,1,0,"sharqia","delta",0,0
"315",0.214687917,-0.264084595,3,2,3,2,2,3,3,3,1,1,0,0,3,0,3,NA,1,1,1,0,1,0,"alexandria","alex",0,0
"316",0.304846788,0.157745611,4,2,2,NA,2,3,5,1,1,2,0,0,0,2,NA,2,1,1,1,0,1,0,"cairo","cairo",0,0
"317",-0.131349793,0.613632232,3,2,2,2,3,3,6,1,2,1,0,0,2,0,2,NA,1,1,0,0,1,0,"cairo","cairo",0,0
"318",0.341228841,-0.05140684,4,4,3,2,4,2,3,NA,1,NA,0,0,0,3,NA,3,1,1,1,0,1,0,"gharbia","delta",0,0
"319",0.377429068,0.557922754,4,NA,NA,NA,NA,NA,5,2,1,1,0,0,0,0,NA,NA,1,1,1,0,1,0,"cairo","cairo",NA,NA
"320",0.29885519,-0.028776778,3,2,2,2,1,2,4,2,1,1,0,0,0,0,NA,NA,1,1,1,0,1,0,"gharbia","delta",1,0
"321",-0.272118214,0.024831883,1,2,3,2,2,3,4,3,1,2,0,0,1,0,1,NA,1,0,0,0,1,0,"cairo","cairo",0,0
"322",-0.147050303,-0.299655321,1,1,1,1,2,3,4,3,1,2,0,0,0,0,0,NA,1,0,0,0,1,0,"cairo","cairo",0,0
"323",0.267726025,0.119489763,2,1,2,3,3,2,5,1,1,2,0,0,2,0,2,NA,1,0,1,0,1,0,"qalyubia","delta",0,0
"324",0.237987576,-0.400578584,2,2,2,3,3,2,5,1,1,2,0,0,0,2,NA,2,1,0,1,0,1,0,"qalyubia","delta",0,0
"325",-0.217909838,-0.393473329,1,3,2,3,4,1,4,4,2,3,0,0,0,3,NA,3,2,0,0,1,0,0,"cairo","cairo",0,0
"326",0.044976381,-0.134464788,3,2,3,2,3,3,5,1,1,2,0,0,4,0,4,NA,1,1,1,0,1,0,"cairo","cairo",0,0
"327",0.171165497,0.113957612,1,1,1,1,1,1,6,1,1,1,0,0,3,0,3,NA,1,0,1,0,1,1,"dakahlia","delta",1,0
"328",0.270481723,0.352359973,4,1,1,1,4,4,6,1,2,2,0,0,4,0,4,NA,1,1,1,0,1,0,"cairo","cairo",0,1
"329",0.073496135,0.035480186,3,NA,3,2,4,3,5,1,1,NA,0,0,0,1,NA,1,1,1,1,0,1,0,"sharqia","delta",0,1
"330",0.228058599,-0.442399695,3,2,3,2,3,3,5,1,1,2,0,0,0,0,NA,0,1,1,1,0,1,0,"alexandria","alex",0,0
"331",0.093312614,-0.022171135,2,2,NA,NA,NA,NA,3,3,1,NA,0,0,NA,0,NA,NA,1,0,1,0,1,0,"alexandria","alex",NA,NA
"332",0.156207569,0.322828229,4,2,3,3,3,3,4,1,1,2,0,0,0,0,NA,NA,1,1,1,0,1,0,"minya","upper",0,0
"333",0.194157079,0.353861234,4,1,1,1,1,1,4,1,1,1,0,0,0,0,NA,NA,1,1,1,0,1,0,"cairo","cairo",1,0
"334",0.204480189,0.348864395,1,2,1,2,3,3,3,2,1,3,0,0,1,0,1,NA,1,0,1,0,1,0,"monufia","delta",0,0
"335",0.142594497,0.224894605,3,2,4,2,3,4,5,1,1,2,0,0,3,0,3,NA,1,1,1,0,1,1,"cairo","cairo",0,1
"336",0.140138128,0.293162313,2,3,3,3,3,3,5,1,1,1,0,0,0,NA,NA,NA,1,0,1,0,1,0,"damietta","delta",0,0
"337",-0.601437215,-0.214461839,NA,NA,NA,NA,NA,NA,3,1,1,2,0,0,NA,0,NA,NA,1,NA,0,0,1,0,"cairo","cairo",NA,NA
"338",-0.011383884,-0.347673983,NA,NA,NA,NA,NA,4,5,2,1,4,0,0,0,2,NA,2,1,NA,0,0,1,0,"kafrelsheikh","delta",0,NA
"339",-0.264909438,0.206894521,4,1,3,1,4,4,5,2,2,3,0,0,0,3,NA,3,1,1,0,0,1,0,"alexandria","alex",0,1
"340",0.52892069,-0.077803585,3,1,3,2,NA,4,5,2,1,3,0,0,0,0,NA,NA,1,1,1,0,1,0,"minya","upper",0,1
"341",0.080588892,0.116259986,3,2,3,2,3,4,5,1,1,2,0,0,0,0,NA,NA,1,1,1,0,1,1,"cairo","cairo",0,1
"342",-0.126596866,-0.030626941,2,2,2,2,2,3,3,5,2,3,0,0,0,0,NA,NA,1,0,0,0,1,0,"giza","cairo",0,0
"343",0.162513803,-0.246656831,1,1,3,1,4,4,5,4,2,1,0,0,0,NA,NA,NA,1,0,1,0,1,0,"cairo","cairo",0,1
"344",-0.103625679,0.336970809,2,1,4,1,1,3,5,4,2,1,0,0,0,2,NA,2,1,0,0,0,1,0,"ismailia","delta",1,0
"345",-0.060107017,0.018104744,1,1,4,1,1,1,3,1,1,2,0,0,0,0,NA,NA,1,0,0,0,1,0,"benisuef","upper",1,0
"346",-0.35769018,0.087881177,2,2,2,2,3,3,6,2,1,2,0,0,0,2,NA,2,1,0,0,0,1,0,"cairo","cairo",0,0
"347",-0.231690889,-0.22349968,1,4,3,2,2,2,5,1,2,2,0,0,1,0,1,NA,1,0,0,0,1,0,"cairo","cairo",1,0
"348",-0.727023517,-0.039075612,2,1,4,2,NA,3,5,2,1,2,0,0,0,1,NA,1,1,0,0,0,1,0,"alexandria","alex",0,0
"349",0.513718734,0.164080338,NA,3,3,3,3,NA,5,1,1,1,0,0,0,NA,NA,NA,1,NA,1,0,1,0,"cairo","cairo",0,0
"350",-0.377163607,0.069160782,2,1,4,1,1,3,5,2,2,NA,0,0,2,0,2,NA,1,0,0,0,1,0,"ismailia","delta",1,0
"351",-0.39654798,0.565389801,3,1,4,2,3,2,5,1,1,3,0,0,2,0,2,NA,1,1,0,0,1,0,"giza","cairo",0,0
"352",0.330919783,0.186148074,3,2,3,2,3,3,3,1,1,2,0,0,0,0,NA,NA,1,1,1,0,1,0,"cairo","cairo",0,0
"353",0.159296735,-0.351596171,2,3,1,2,3,3,5,1,1,2,0,0,0,0,NA,NA,1,0,1,0,1,0,"sohag","upper",0,0
"354",0.181281567,0.085661513,2,2,3,2,4,4,5,1,1,1,0,0,0,0,NA,NA,1,0,1,0,1,0,"cairo","cairo",0,1
"355",0.342868297,0.20443017,2,3,3,2,4,3,5,1,1,2,0,0,0,0,NA,NA,1,0,1,0,1,0,"dakahlia","delta",0,0
"356",-0.037910836,-0.253830643,3,3,2,2,4,2,2,4,1,NA,0,0,NA,0,NA,NA,1,1,0,0,1,0,"alexandria","alex",0,0
"357",-0.23030691,-0.046994466,2,2,3,2,2,3,5,5,1,2,0,0,0,2,NA,2,1,0,0,0,1,0,"gharbia","delta",0,0
"358",-0.363773617,-0.763539672,1,3,2,2,NA,3,3,2,2,2,0,0,0,0,NA,NA,1,0,0,0,1,0,"cairo","cairo",0,0
"359",0.369978105,0.785546381,3,2,3,2,3,3,5,1,1,3,0,0,0,0,NA,NA,1,1,1,0,1,0,"gharbia","delta",0,0
"360",-0.152510337,0.17888227,3,2,3,2,NA,4,6,2,1,3,0,0,0,2,NA,2,1,1,0,0,1,1,"monufia","delta",0,1
"361",-0.248768982,-0.751914677,1,3,1,3,2,2,5,1,1,2,0,0,0,0,0,NA,1,0,0,0,1,0,"alexandria","alex",1,0
"362",-0.133623856,0.045918058,3,2,3,2,3,2,5,1,1,3,0,0,3,0,3,NA,1,1,0,0,1,0,"cairo","cairo",0,0
"363",0.584025383,0.644417409,3,2,3,2,4,4,5,4,2,3,0,0,0,3,NA,3,1,1,1,0,1,0,"luxor","upper",0,1
"364",-0.197150702,0.199359695,3,2,3,2,4,4,5,3,2,3,0,0,0,3,NA,3,1,1,0,0,1,0,"luxor","upper",0,1
"365",-0.298314311,0.131557794,3,2,3,2,3,3,5,1,1,1,0,0,3,0,3,NA,1,1,0,0,1,0,"cairo","cairo",0,0
"366",0.069601049,0.457376716,NA,2,3,2,3,2,4,3,1,2,0,0,0,3,NA,3,1,NA,1,0,1,0,"cairo","cairo",0,0
"367",0.283129526,0.236288881,4,2,3,3,3,4,NA,1,1,3,0,0,0,0,NA,NA,1,1,1,0,1,0,"asyut","upper",0,0
"368",0.089599623,-0.170190387,3,NA,4,2,4,4,4,4,1,3,0,0,1,0,1,NA,2,1,1,1,0,0,"ismailia","delta",0,1
"369",0.146093229,0.18971032,2,2,2,2,2,2,5,1,1,2,0,0,1,0,1,NA,1,0,1,0,1,0,"alexandria","alex",1,0
"370",0.603335699,-0.051624756,NA,2,2,2,3,3,5,4,1,3,0,0,NA,0,NA,NA,1,NA,1,0,1,0,"cairo","cairo",0,0
"371",-0.182020689,0.189187797,2,2,3,2,2,3,6,3,1,3,0,0,0,0,NA,NA,1,0,0,0,1,0,"alexandria","alex",0,0
"372",-0.037811847,-0.319327165,4,1,4,1,3,3,5,1,1,3,0,0,0,3,NA,3,1,1,0,0,1,0,"giza","cairo",0,0
"373",0.481189776,-0.060123385,4,NA,NA,2,2,NA,3,2,1,3,0,0,0,2,NA,2,1,1,1,0,1,0,"asyut","upper",1,0
"374",0.16039173,0.342817944,3,1,1,2,3,3,6,1,1,1,0,0,0,0,NA,NA,1,1,1,0,1,1,"gharbia","delta",0,0
"375",0.326298977,0.17658417,4,1,1,1,1,1,6,1,2,1,0,0,0,3,NA,3,1,1,1,0,1,0,"alexandria","alex",1,0
"376",0.154343574,-0.095720047,2,2,3,2,3,3,5,2,1,3,0,0,0,1,NA,1,1,0,1,0,1,0,"asyut","upper",0,0
"377",-0.47813142,-0.276899674,1,2,1,2,2,2,4,NA,1,3,0,0,0,1,NA,1,1,0,0,0,1,0,"qalyubia","delta",1,0
"378",-0.021455635,0.388925964,4,NA,NA,2,NA,NA,3,1,1,1,0,0,0,0,NA,NA,1,1,0,0,1,0,"alexandria","alex",NA,NA
"379",-0.229499903,0.259484608,4,NA,NA,NA,NA,NA,3,2,1,3,0,0,0,2,NA,2,1,1,0,0,1,0,"asyut","upper",NA,NA
"380",-0.587985023,-0.361682454,1,2,3,3,1,1,5,1,1,3,0,0,0,0,NA,NA,1,0,0,0,1,0,"cairo","cairo",1,0
"381",-0.061223223,0.157562812,1,3,3,3,2,3,5,1,1,2,0,0,0,2,NA,2,1,0,0,0,1,1,"giza","cairo",0,0
"382",-0.22608215,-0.349805744,2,3,1,4,3,1,3,1,1,1,0,0,0,1,NA,1,1,0,0,0,1,0,"alexandria","alex",1,0
"383",0.429328986,-0.093846196,4,3,2,1,4,4,3,5,1,1,0,0,0,0,NA,NA,1,1,1,0,1,0,"kafrelsheikh","delta",0,1
"384",0.150514988,-0.138640216,4,1,2,2,3,3,3,5,1,1,0,0,2,0,2,NA,1,1,1,0,1,0,"cairo","cairo",0,0
"385",-0.274705818,-0.811985665,NA,2,3,2,NA,4,5,1,1,2,0,0,2,0,2,NA,1,NA,0,0,1,0,"cairo","cairo",0,1
"386",0.155953921,-0.209483296,2,3,3,3,3,3,5,1,1,1,0,0,0,0,NA,0,1,0,1,0,1,0,"damietta","delta",0,0
"387",-0.070539735,0.513962062,NA,3,NA,2,NA,NA,5,1,1,3,0,0,0,2,NA,2,1,NA,0,0,1,0,"monufia","delta",NA,NA
"388",-0.174113983,-0.083974403,3,2,3,2,NA,NA,3,3,1,2,0,0,0,0,NA,NA,1,1,0,0,1,0,"alexandria","alex",NA,NA
"389",-0.48092043,-0.2190841,1,NA,NA,NA,1,1,5,1,1,1,0,0,0,0,NA,0,1,0,0,0,1,0,"cairo","cairo",1,NA
"390",0.16516562,0.119480637,4,3,3,2,2,3,2,2,1,2,0,0,0,3,NA,3,1,1,1,0,1,0,"cairo","cairo",0,0
"391",-0.024536816,0.196220877,4,3,NA,2,4,4,6,NA,2,1,0,0,2,0,2,NA,1,1,0,0,1,0,"damietta","delta",0,0
"392",0.662995901,0.117288894,2,2,2,2,4,4,5,1,1,2,0,0,0,0,NA,NA,1,0,1,0,1,1,"gharbia","delta",0,1
"393",-0.101171616,-0.379781824,1,1,3,2,3,3,6,1,1,1,0,0,0,0,NA,0,1,0,0,0,1,0,"giza","cairo",0,0
"394",-0.172536166,0.531028644,NA,2,3,2,NA,NA,3,1,1,3,0,0,0,0,0,NA,1,NA,0,0,1,0,"cairo","cairo",NA,NA
"395",0.038691288,-0.001031635,3,2,2,2,NA,NA,4,1,1,4,0,0,0,0,NA,NA,1,1,1,0,1,0,"gharbia","delta",NA,NA
"396",-0.136560904,-0.459772473,2,2,NA,2,2,3,5,1,1,2,0,0,1,0,1,NA,1,0,0,0,1,0,"gharbia","delta",0,0
"397",0.317688173,0.155739949,1,NA,NA,2,2,2,5,1,1,4,0,0,0,1,NA,1,1,0,1,0,1,0,"suez","delta",1,0
"398",0.007426421,0.24048394,4,2,3,1,3,2,6,1,1,NA,0,0,3,0,3,NA,2,1,1,1,0,0,"giza","cairo",0,0
"399",0.382831339,0.093166032,3,2,3,2,3,2,5,1,1,3,0,0,0,0,NA,NA,1,1,1,0,1,0,"monufia","delta",0,0
"400",0.683048321,0.101643772,3,2,2,2,3,3,5,1,1,2,0,0,0,0,NA,NA,1,1,1,0,1,0,"dakahlia","delta",0,0
"401",0.413934508,0.053103665,2,2,3,2,2,3,5,3,1,3,0,0,0,0,NA,NA,1,0,1,0,1,0,"monufia","delta",0,0
"402",-0.453683335,-0.286406633,1,1,3,2,3,NA,2,1,1,NA,0,0,0,0,0,NA,1,0,0,0,1,0,"qalyubia","delta",0,0
"403",-0.427249404,-0.168009329,NA,NA,NA,NA,NA,NA,NA,NA,1,NA,0,0,NA,0,NA,NA,NA,NA,0,0,0,0,"monufia","delta",NA,NA
"404",-0.178673101,-0.091482727,1,2,3,1,1,NA,5,1,1,3,0,0,0,0,NA,NA,1,0,0,0,1,0,"giza","cairo",1,0
"405",-0.191819823,0.145092964,4,2,3,2,3,3,4,3,1,1,0,0,0,NA,NA,NA,2,1,0,1,0,0,"giza","cairo",0,0
"406",-0.201857487,0.308804639,2,2,2,2,3,3,4,3,1,3,0,0,NA,0,NA,NA,1,0,0,0,1,0,"alexandria","alex",0,0
"407",0.582812536,0.300654469,4,1,4,2,3,3,5,1,1,1,0,0,0,3,NA,3,1,1,1,0,1,0,"suez","delta",0,0
"408",0.392060835,0.692774236,4,1,4,2,4,4,5,1,1,1,0,0,0,0,NA,NA,1,1,1,0,1,0,"suez","delta",0,1
"409",-0.384947262,-0.0657504,1,2,2,2,2,2,2,3,1,2,0,0,0,0,NA,NA,1,0,0,0,1,0,"alexandria","alex",1,0
"410",-0.071243815,-0.382427253,3,3,2,2,3,3,5,1,1,2,0,0,0,1,NA,1,1,1,0,0,1,0,"portsaid","delta",0,0
"411",0.111345676,-0.311507184,4,1,3,1,2,1,6,1,1,2,0,0,0,2,NA,2,1,1,1,0,1,1,"dakahlia","delta",1,0
"412",0.028417977,-0.080670609,1,1,NA,NA,1,1,3,1,1,NA,0,0,3,0,3,NA,1,0,1,0,1,0,"cairo","cairo",1,0
"413",-0.359439804,-0.210317285,NA,NA,NA,NA,NA,NA,NA,NA,1,NA,0,0,NA,0,NA,NA,NA,NA,0,0,0,0,"monufia","delta",NA,NA
"414",-0.055355925,-0.158694981,NA,2,3,2,3,3,4,2,1,3,0,0,0,3,NA,3,1,NA,0,0,1,0,"suez","delta",0,0
"415",0.241260115,0.007460201,NA,1,3,1,NA,3,5,2,2,1,0,0,0,0,NA,NA,1,NA,1,0,1,0,"cairo","cairo",0,0
"416",0.713209061,0.458317587,NA,NA,NA,NA,NA,NA,6,NA,1,NA,0,0,0,0,NA,NA,NA,NA,1,0,0,0,"gharbia","delta",NA,NA
"417",-0.404197838,-0.50938046,1,1,1,3,3,3,5,1,1,2,0,0,1,0,1,NA,1,0,0,0,1,0,"alexandria","alex",0,0
"418",-0.174681853,0.161318617,1,1,NA,2,1,3,3,3,1,NA,0,0,0,1,NA,1,1,0,0,0,1,0,"giza","cairo",1,0
"419",-0.188624778,0.431089911,4,NA,NA,1,4,NA,2,1,1,1,0,0,0,0,NA,NA,1,1,0,0,1,0,"qena","upper",0,1
"420",0.491391709,0.034307561,2,2,3,2,3,3,2,3,1,3,0,0,0,0,NA,NA,1,0,1,0,1,0,"aswan","upper",0,0
"421",0.057622048,-0.229321681,NA,1,1,1,NA,NA,5,2,2,1,0,0,0,2,NA,2,1,NA,1,0,1,0,"cairo","cairo",NA,NA
"422",-0.653178622,-0.590626834,NA,2,3,2,3,3,4,2,1,3,0,0,0,0,NA,NA,1,NA,0,0,1,0,"suez","delta",0,0
"423",-0.154423819,0.694418664,3,NA,NA,NA,NA,NA,5,1,1,3,0,0,4,0,4,NA,1,1,0,0,1,1,"minya","upper",NA,NA
"424",-0.039570343,0.522060984,4,2,2,2,4,4,5,1,1,3,0,0,0,2,NA,2,NA,1,0,0,0,0,"giza","cairo",0,1
"425",0.27905963,0.10307666,2,2,3,2,3,4,5,2,1,3,0,0,0,0,0,NA,1,0,1,0,1,0,"cairo","cairo",0,1
"426",0.412596904,-0.016417229,1,1,3,2,4,3,5,2,1,2,0,0,0,1,NA,1,1,0,1,0,1,0,"giza","cairo",0,1
"427",0.467802251,0.431122788,3,1,3,2,3,2,5,2,1,2,0,0,0,0,NA,NA,1,1,1,0,1,0,"alexandria","alex",0,0
"428",-0.005007255,0.164132257,1,3,3,2,3,3,5,1,1,1,0,0,0,3,NA,3,1,0,0,0,1,0,"cairo","cairo",0,0
"429",0.385438008,0.02343793,1,1,4,1,1,4,5,3,1,2,0,0,0,0,NA,NA,1,0,1,0,1,1,"dakahlia","delta",0,0
"430",0.233233752,0.16511283,3,2,4,1,3,3,5,2,1,4,0,0,0,1,NA,1,1,1,1,0,1,0,"alexandria","alex",0,0
"431",0.403724688,0.261638003,1,2,3,2,NA,4,3,1,1,3,0,0,0,0,0,NA,1,0,1,0,1,0,"cairo","cairo",0,1
"432",-0.09339402,0.305029388,1,1,4,1,1,2,3,2,1,3,0,0,0,0,0,NA,1,0,0,0,1,0,"ismailia","delta",1,0
"433",0.462464976,0.299360242,1,1,3,1,3,3,5,1,1,2,0,0,0,0,NA,NA,1,0,1,0,1,0,"cairo","cairo",0,0
"434",-0.18736713,-0.284982476,4,2,4,1,2,3,5,1,1,3,0,0,0,0,0,NA,1,1,0,0,1,0,"giza","cairo",0,0
"435",0.300655185,0.377324582,2,2,2,1,2,2,3,2,1,3,0,0,0,0,NA,NA,1,0,1,0,1,0,"cairo","cairo",1,0
"436",0.19139286,0.003432731,1,1,3,1,3,4,5,1,1,3,0,0,1,0,1,NA,1,0,1,0,1,0,"cairo","cairo",0,1
"437",-0.006616093,0.389590385,1,2,4,2,3,4,6,1,1,1,0,0,0,0,NA,NA,1,0,0,0,1,0,"damietta","delta",0,1
"438",-0.172584863,0.753692458,2,2,2,1,2,4,5,2,1,2,0,0,1,0,1,NA,2,0,0,1,0,0,"cairo","cairo",0,0
"439",0.577466416,0.123470327,2,2,3,3,3,3,5,3,1,2,0,0,0,1,NA,1,1,0,1,0,1,0,"giza","cairo",0,0
"440",-0.074804852,0.262956469,4,1,4,3,1,4,5,1,1,2,0,0,2,0,2,NA,1,1,0,0,1,0,"cairo","cairo",0,0
"441",-0.1330512,-0.269288478,2,3,2,3,4,3,4,4,2,2,0,0,3,0,3,NA,1,0,0,0,1,0,"damietta","delta",0,0
"442",0.040141694,-0.138005275,3,2,2,2,2,3,5,2,1,3,0,0,0,0,NA,NA,1,1,1,0,1,0,"dakahlia","delta",0,0
"443",-0.044067099,0.113832711,3,2,2,2,2,2,4,1,1,1,0,0,0,2,NA,2,1,1,0,0,1,1,"dakahlia","delta",1,0
"444",0.488640649,0.3016455,4,1,3,2,3,3,5,1,1,2,0,0,0,0,NA,NA,1,1,1,0,1,0,"cairo","cairo",0,0
"445",0.400289315,-0.14235983,2,1,2,2,4,4,5,1,1,1,0,0,0,2,NA,2,1,0,1,0,1,0,"damietta","delta",0,1
"446",-0.056009689,0.008063776,2,2,2,2,2,2,5,1,1,1,0,0,0,2,NA,2,1,0,0,0,1,0,"alexandria","alex",1,0
"447",-0.275905251,0.528346414,4,1,1,1,1,1,4,1,1,1,0,0,0,3,NA,3,1,1,0,0,1,0,"monufia","delta",1,0
"448",0.024672616,-0.337395911,3,1,4,2,2,3,6,1,1,3,0,0,0,1,NA,1,1,1,1,0,1,1,"qena","upper",0,0
"449",-0.300087782,-0.35946217,1,4,1,3,2,2,4,1,1,3,0,0,0,3,NA,3,1,0,0,0,1,0,"minya","upper",1,0
"450",0.163413921,-0.273167053,2,NA,NA,2,NA,4,5,2,1,2,0,0,0,1,NA,1,1,0,1,0,1,0,"cairo","cairo",0,1
"451",-0.024941851,0.2135035,NA,3,3,2,3,3,5,1,2,1,0,0,2,0,2,NA,1,NA,0,0,1,0,"alexandria","alex",0,0
"452",-0.283705747,0.000120436,2,NA,3,2,3,3,5,3,1,3,0,0,0,0,NA,NA,1,0,0,0,1,1,"cairo","cairo",0,0
"453",-0.442034389,-0.400165617,NA,NA,NA,NA,NA,NA,3,1,1,NA,0,0,0,0,NA,NA,1,NA,0,0,1,0,"luxor","upper",NA,NA
"454",0.273402895,0.413848115,3,3,2,3,4,4,5,5,1,1,0,0,0,0,NA,NA,NA,1,1,0,0,0,"cairo","cairo",0,0
"455",0.032566295,0.367865423,2,3,3,2,4,4,5,1,1,2,0,0,0,2,NA,2,1,0,1,0,1,0,"giza","cairo",0,0
"456",0.174228185,0.758766128,1,1,4,1,1,1,5,1,1,NA,0,0,0,0,0,NA,1,0,1,0,1,0,"sharqia","delta",1,0
"457",0.339615068,-0.35562066,1,3,2,3,4,3,6,1,1,3,0,0,2,0,2,NA,1,0,1,0,1,0,"alexandria","alex",0,0
"458",-0.055371661,0.213428145,3,2,3,2,4,4,3,4,1,1,0,0,0,3,NA,3,1,1,0,0,1,0,"alexandria","alex",0,1
"459",-0.076027774,-0.205257874,4,1,4,1,3,4,5,1,1,1,0,0,0,0,NA,NA,1,1,0,0,1,0,"cairo","cairo",0,1
"460",-0.061234264,0.216890419,1,4,4,1,2,2,5,1,1,1,0,0,0,0,0,NA,1,0,0,0,1,1,"kafrelsheikh","delta",1,0
"461",0.239281725,0.08849238,3,2,2,2,3,3,5,1,1,2,0,0,0,3,NA,3,1,1,1,0,1,1,"gharbia","delta",0,0
"462",-0.233628261,-0.022307735,3,3,3,1,4,4,4,3,1,2,0,0,0,0,NA,NA,2,1,0,1,0,0,"minya","upper",0,1
"463",-0.040962194,0.284274838,1,1,3,2,3,3,3,1,1,1,0,0,3,0,3,NA,1,0,0,0,1,0,"cairo","cairo",0,0
"464",0.306249202,-0.654662019,1,1,4,1,4,4,4,4,1,1,0,0,0,0,NA,0,1,0,1,0,1,0,"giza","cairo",0,1
"465",-0.234301839,0.107543603,1,1,4,1,2,3,5,1,1,2,0,0,0,0,NA,NA,1,0,0,0,1,0,"cairo","cairo",0,0
"466",0.127537035,0.469571859,3,2,NA,2,3,3,5,1,1,1,0,0,2,0,2,NA,1,1,1,0,1,1,"dakahlia","delta",0,0
"467",0.086840825,0.22109006,2,2,2,2,2,1,5,5,2,3,0,0,0,1,NA,1,1,0,1,0,1,0,"cairo","cairo",1,0
"468",0.11236978,0.088495718,3,1,3,2,3,3,3,2,1,1,0,0,4,0,4,NA,1,1,1,0,1,0,"alexandria","alex",0,0
"469",0.092398373,0.251429067,NA,2,NA,NA,NA,NA,3,3,2,1,0,0,0,1,NA,1,1,NA,1,0,1,0,"asyut","upper",NA,NA
"470",-0.235292703,0.349525101,1,2,3,1,3,4,5,2,1,2,0,0,0,1,NA,1,1,0,0,0,1,0,"giza","cairo",0,1
"471",-0.051913067,0.343134338,3,2,3,NA,3,4,5,2,1,2,0,0,NA,0,NA,NA,2,1,0,1,0,0,"cairo","cairo",0,1
"472",-0.0373907,0.14683929,3,2,3,2,3,2,5,2,1,2,0,0,0,0,NA,NA,1,1,0,0,1,0,"alexandria","alex",0,0
"473",0.126571623,0.313765003,3,2,NA,2,3,3,4,1,1,3,0,0,0,2,NA,2,1,1,1,0,1,0,"sharqia","delta",0,0
"474",0.369667309,0.337255454,3,2,3,2,3,2,5,1,1,2,0,0,3,0,3,NA,1,1,1,0,1,1,"gharbia","delta",0,0
"475",0.540127499,0.692619696,4,2,3,2,4,3,6,1,1,3,0,0,0,2,NA,2,1,1,1,0,1,1,"monufia","delta",0,1
"476",0.31738519,0.030948465,4,1,3,1,3,3,5,1,1,2,0,0,0,2,NA,2,1,1,1,0,1,0,"giza","cairo",0,0
"477",0.079717474,0.321802506,3,2,2,2,4,4,5,3,1,2,0,0,0,3,NA,3,1,1,1,0,1,1,"dakahlia","delta",0,1
"478",-0.105186315,0.507795011,3,2,3,2,3,3,5,1,1,2,0,0,0,2,NA,2,1,1,0,0,1,0,"cairo","cairo",0,0
"479",0.01458145,0.441750789,3,2,2,2,4,3,5,2,2,3,0,0,3,0,3,NA,2,1,1,1,0,0,"giza","cairo",0,1
"480",0.347895354,0.277923005,1,3,4,4,4,4,5,1,1,2,0,0,0,2,NA,2,1,0,1,0,1,0,"giza","cairo",0,0
"481",0.012670936,-0.177950057,1,1,4,1,1,2,3,2,1,3,0,0,0,0,NA,NA,1,0,1,0,1,0,"ismailia","delta",1,0
"482",-0.12497772,-0.007141731,4,2,2,2,4,4,3,4,1,1,0,0,4,0,4,NA,1,1,0,0,1,0,"alexandria","alex",0,1
"483",0.704665716,0.569725902,2,2,2,1,2,2,5,3,1,3,0,0,2,0,2,NA,1,0,1,0,1,1,"giza","cairo",1,0
"484",0.021894201,-0.241704796,2,2,2,2,3,3,3,1,1,3,0,0,0,0,NA,NA,1,0,1,0,1,0,"cairo","cairo",0,0
"485",0.537697333,0.760708475,4,1,1,1,1,1,4,1,1,1,0,0,0,3,NA,3,1,1,1,0,1,1,"monufia","delta",1,0
"486",0.071658619,0.831247293,4,1,3,2,4,3,4,1,1,2,0,0,0,0,NA,NA,2,1,1,1,0,0,"sohag","upper",0,1
"487",0.251301774,0.157892273,3,3,2,3,NA,3,3,1,1,2,0,0,0,3,NA,3,1,1,1,0,1,0,"sharqia","delta",0,0
"488",0.076881534,0.142956963,1,3,3,2,3,2,3,1,1,1,0,0,0,1,NA,1,1,0,1,0,1,0,"gharbia","delta",0,0
"489",-0.18708204,0.277666938,3,2,2,2,4,4,5,2,1,2,0,0,0,0,NA,NA,1,1,0,0,1,1,"dakahlia","delta",0,1
"490",-0.078386818,-0.187382373,1,2,4,1,3,4,5,2,1,2,0,0,1,0,1,NA,1,0,0,0,1,0,"giza","cairo",0,1
"491",-0.124577867,0.096464683,1,1,4,2,3,4,5,1,1,3,0,0,0,1,NA,1,1,0,0,0,1,0,"cairo","cairo",0,1
"492",0.244148565,-0.104671684,2,2,3,2,3,3,5,1,1,3,0,0,2,0,2,NA,1,0,1,0,1,0,"kafrelsheikh","delta",0,0
"493",-0.117241319,-0.199865365,2,3,4,3,3,4,5,1,1,3,0,0,0,1,NA,1,1,0,0,0,1,0,"alexandria","alex",0,0
"494",0.085536869,0.101007248,NA,2,NA,NA,NA,NA,3,3,2,1,0,0,0,1,NA,1,1,NA,1,0,1,0,"asyut","upper",NA,NA
"495",0.24235715,0.345494122,3,2,3,2,3,3,4,1,1,3,0,0,0,0,NA,NA,1,1,1,0,1,0,"sharqia","delta",0,0
"496",0.040803584,-0.431376297,1,2,4,1,2,2,5,1,1,1,0,0,0,1,NA,1,1,0,1,0,1,0,"cairo","cairo",1,0
"497",0.28082044,0.156796132,1,1,3,2,2,2,5,1,1,1,0,0,0,0,0,NA,1,0,1,0,1,1,"kafrelsheikh","delta",1,0
"498",-0.012653446,0.381836656,3,NA,3,2,3,4,5,2,1,2,0,0,0,2,NA,2,1,1,0,0,1,0,"aswan","upper",0,1
"499",0.081880326,0.412440864,4,1,1,3,4,4,5,1,2,3,0,0,3,0,3,NA,1,1,1,0,1,1,"gharbia","delta",0,1
"500",-0.392325904,-0.061352401,1,2,3,2,1,1,5,1,2,2,0,0,0,0,NA,NA,1,0,0,0,1,0,"alexandria","alex",1,0
"501",0.095732642,-0.001162738,4,2,3,1,4,4,5,2,1,3,0,0,4,0,4,NA,1,1,1,0,1,1,"minya","upper",0,1
"502",0.241931888,0.554463651,4,1,3,1,4,4,5,1,1,2,0,0,4,0,4,NA,1,1,1,0,1,1,"alexandria","alex",0,1
"503",0.164088681,0.237607813,2,2,2,2,3,3,5,3,1,1,0,0,1,0,1,NA,1,0,1,0,1,1,"cairo","cairo",0,0
"504",0.283278431,0.667845275,1,2,2,2,3,2,4,1,1,2,0,0,0,0,NA,NA,1,0,1,0,1,0,"damietta","delta",0,0
"505",0.105777065,0.345586899,4,3,1,2,4,4,2,1,1,1,0,0,4,0,4,NA,1,1,1,0,1,0,"alexandria","alex",0,0
"506",0.304578899,0.401423219,3,2,3,2,2,2,3,1,1,2,0,0,2,0,2,NA,1,1,1,0,1,0,"cairo","cairo",1,0
"507",-0.085461343,0.188382506,4,2,3,2,4,2,6,1,1,3,0,0,0,0,NA,NA,1,1,0,0,1,1,"monufia","delta",0,0
"508",0.200693068,0.032936519,1,1,4,1,1,4,5,3,1,2,0,0,0,0,NA,NA,1,0,1,0,1,1,"dakahlia","delta",0,0
"509",0.011826627,0.313625924,1,4,2,3,4,3,6,1,1,3,0,0,2,0,2,NA,1,0,1,0,1,0,"alexandria","alex",0,0
"510",0.194620988,0.258590353,1,1,1,1,3,3,5,1,1,2,0,0,0,0,NA,NA,1,0,1,0,1,0,"alexandria","alex",0,0
"511",-0.416719924,-0.291746984,1,4,4,4,4,1,5,1,1,1,0,0,0,2,NA,2,1,0,0,0,1,1,"beheira","delta",0,0
"512",0.061419832,-0.202845412,1,1,4,1,2,3,5,1,1,2,0,0,0,1,NA,1,1,0,1,0,1,0,"cairo","cairo",0,0
"513",0.666099918,0.683128394,3,2,3,2,2,3,4,1,1,1,0,0,0,2,NA,2,1,1,1,0,1,0,"alexandria","alex",0,0
"514",0.497497399,0.406745962,1,1,4,1,NA,3,5,1,1,4,0,0,0,0,0,NA,1,0,1,0,1,0,"cairo","cairo",0,0
"515",-0.034463205,0.212017675,4,2,3,2,4,3,4,1,1,1,0,0,4,0,4,NA,1,1,0,0,1,0,"alexandria","alex",0,1
"516",0.587109848,0.275580553,3,3,2,3,3,3,6,1,1,2,0,0,0,3,NA,3,1,1,1,0,1,1,"dakahlia","delta",0,0
"517",0.037569989,0.290276392,2,2,2,2,2,2,5,3,1,3,0,0,0,2,NA,2,1,0,1,0,1,1,"giza","cairo",1,0
"518",0.89338283,0.864573849,4,1,3,2,3,3,5,1,1,3,0,0,0,2,NA,2,1,1,1,0,1,0,"beheira","delta",0,0
"519",0.234848954,0.329625493,3,2,2,2,4,4,5,2,2,3,0,0,3,0,3,NA,2,1,1,1,0,0,"giza","cairo",0,1
"520",0.774194863,0.69642887,3,2,3,2,4,2,4,1,1,3,0,0,0,0,NA,NA,1,1,1,0,1,0,"damietta","delta",0,0
"521",0.23324571,0.183567033,4,1,3,2,4,3,4,2,1,2,0,0,2,0,2,NA,2,1,1,1,0,0,"sohag","upper",0,1
"522",0.136741741,0.225961115,2,1,4,1,3,3,5,1,1,1,0,0,1,0,1,NA,1,0,1,0,1,1,"sohag","upper",0,0
"523",-0.376822375,-0.062044166,4,2,3,2,4,4,5,2,1,2,0,0,0,0,NA,NA,2,1,0,1,0,0,"cairo","cairo",0,1
"524",0.317566787,0.141977301,4,1,3,3,NA,NA,5,1,1,2,0,0,0,3,NA,3,1,1,1,0,1,0,"cairo","cairo",NA,NA
"525",-0.033125407,0.385120385,4,3,2,3,4,4,5,5,1,1,0,0,4,0,4,NA,NA,1,0,0,0,0,"cairo","cairo",0,0
"526",0.057610662,0.156193874,1,2,2,3,4,4,5,1,1,2,0,0,0,0,NA,NA,1,0,1,0,1,0,"sharqia","delta",0,0
"527",-0.304392398,0.212887243,2,2,2,2,2,3,5,1,1,1,0,0,1,0,1,NA,1,0,0,0,1,0,"kafrelsheikh","delta",0,0
"528",0.055779059,0.224642602,4,2,3,2,3,3,5,1,1,3,0,0,3,0,3,NA,1,1,1,0,1,0,"cairo","cairo",0,0
"529",-0.130053035,0.460058049,4,2,3,2,3,3,5,1,1,1,0,0,0,0,NA,NA,1,1,0,0,1,0,"cairo","cairo",0,0
"530",0.123218807,0.02787213,3,3,2,3,2,3,5,3,1,3,0,0,0,0,NA,NA,1,1,1,0,1,0,"giza","cairo",0,0
"531",-0.311504007,0.273379874,2,3,3,1,1,3,5,1,1,1,0,0,1,0,1,NA,1,0,0,0,1,1,"asyut","upper",1,0
"532",-0.332805506,-0.075139238,1,3,3,2,3,2,3,1,1,1,0,0,0,1,NA,1,1,0,0,0,1,0,"gharbia","delta",0,0
"533",0.167896587,-0.351062359,2,NA,3,2,NA,3,5,2,1,4,0,0,0,3,NA,3,1,0,1,0,1,0,"suez","delta",0,0
"534",0.304187307,0.315467084,3,2,3,2,3,3,5,4,1,3,0,0,0,2,NA,2,1,1,1,0,1,0,"suez","delta",0,0
"535",-0.087364505,-0.062595261,1,4,4,4,4,1,5,1,1,1,0,0,1,0,1,NA,1,0,0,0,1,1,"beheira","delta",0,0
"536",-0.413183342,0.035721911,1,2,3,2,1,1,5,1,2,2,0,0,2,0,2,NA,1,0,0,0,1,0,"alexandria","alex",1,0
"537",0.118728134,-0.490694313,NA,NA,NA,NA,NA,NA,4,1,1,1,0,0,2,0,2,NA,1,NA,1,0,1,0,"gharbia","delta",NA,NA
"538",0.221609861,0.03966643,2,1,3,2,2,3,4,1,1,3,0,0,0,0,NA,NA,1,0,1,0,1,0,"sharqia","delta",0,0
"539",-0.147369106,0.064066522,1,2,2,1,2,4,5,2,1,1,0,0,0,2,NA,2,1,0,0,0,1,0,"beheira","delta",0,0
"540",-0.103515125,-0.047913425,4,3,2,3,NA,4,3,1,1,2,0,0,0,3,NA,3,1,1,0,0,1,0,"sharqia","delta",0,0
"541",0.115480725,-0.191612871,2,1,3,2,NA,3,5,1,1,3,0,0,0,1,NA,1,1,0,1,0,1,0,"cairo","cairo",0,0
"542",0.155593269,0.10088128,4,1,1,1,3,4,5,1,1,2,0,0,3,0,3,NA,1,1,1,0,1,1,"alexandria","alex",0,1
"543",0.50934678,0.349762474,2,2,4,2,3,3,5,2,1,3,0,0,3,0,3,NA,1,0,1,0,1,1,"cairo","cairo",0,0
"544",-0.219262785,0.071273063,4,2,4,2,4,4,4,1,1,1,0,0,0,0,NA,NA,1,1,0,0,1,0,"alexandria","alex",0,1
"545",0.123374058,0.537566439,3,2,3,2,4,4,5,1,1,2,0,0,4,0,4,NA,2,1,1,1,0,0,"sohag","upper",0,1
"546",0.307007981,0.41926406,2,2,3,2,2,2,2,1,1,2,0,0,3,0,3,NA,1,0,1,0,1,1,"sharqia","delta",1,0
"547",0.444606162,-0.228528622,3,2,2,3,3,2,5,1,1,3,0,0,0,2,NA,2,1,1,1,0,1,0,"beheira","delta",0,0
"548",0.190607767,-0.077083906,3,3,3,1,4,4,3,2,1,1,0,0,0,0,NA,NA,1,1,1,0,1,0,"cairo","cairo",0,1
"549",-0.452665252,0.105606581,3,3,1,3,3,3,5,1,1,4,0,0,0,3,NA,3,1,1,0,0,1,1,"alexandria","alex",0,0
"550",0.346237781,0.081400558,2,1,3,2,1,1,5,5,2,3,0,0,0,0,NA,NA,1,0,1,0,1,0,"cairo","cairo",1,0
"551",-0.581093696,-0.066317421,1,1,4,1,2,4,5,1,1,3,0,0,0,0,NA,NA,1,0,0,0,1,1,"kafrelsheikh","delta",0,0
"552",-0.390811817,0.201919095,NA,2,3,2,3,3,5,2,1,3,0,0,4,0,4,NA,1,NA,0,0,1,0,"cairo","cairo",0,0
"553",0.310239612,0.109337953,1,1,3,1,NA,3,5,1,1,3,0,0,0,0,NA,NA,1,0,1,0,1,0,"alexandria","alex",0,0
"554",-0.085388675,0.118763851,3,2,3,2,3,3,4,1,1,2,0,0,0,1,NA,1,1,1,0,0,1,0,"dakahlia","delta",0,0
"555",0.604008916,0.758356021,4,3,1,3,4,4,6,1,1,3,0,0,0,0,NA,NA,1,1,1,0,1,0,"sharqia","delta",0,0
"556",-0.58754042,-0.01591524,1,1,1,1,3,3,5,1,1,2,0,0,0,2,NA,2,1,0,0,0,1,0,"beheira","delta",0,0
"557",0.347329117,0.58302568,3,3,2,3,2,3,5,2,1,3,0,0,2,0,2,NA,1,1,1,0,1,0,"giza","cairo",0,0
"558",0.071134837,-0.323126589,1,1,3,2,1,2,5,1,1,2,0,0,0,2,NA,2,1,0,1,0,1,0,"cairo","cairo",1,0
"559",0.395362643,-0.529339081,1,NA,3,NA,NA,1,5,NA,1,1,0,0,3,0,3,NA,1,0,1,0,1,0,"kafrelsheikh","delta",1,NA
"560",0.179525248,-0.44385381,1,3,3,2,NA,3,5,1,1,2,0,0,2,0,2,NA,1,0,1,0,1,0,"dakahlia","delta",0,0
"561",0.160480547,0.076122035,1,1,3,1,3,3,5,1,1,1,0,0,0,0,0,NA,1,0,1,0,1,0,"cairo","cairo",0,0
"562",0.195794629,0.294728331,4,1,3,2,3,3,4,1,1,1,0,0,4,0,4,NA,1,1,1,0,1,0,"suez","delta",0,0
"563",-0.422183165,0.10616152,1,1,3,2,2,2,5,4,2,3,0,0,0,0,NA,0,1,0,0,0,1,0,"cairo","cairo",1,0
"564",-0.204024662,0.287418421,3,2,4,1,4,4,6,1,1,3,0,0,3,0,3,NA,1,1,0,0,1,1,"sharqia","delta",0,1
"565",-0.234830761,0.033884619,2,2,3,2,3,2,5,1,1,1,0,0,0,0,NA,NA,1,0,0,0,1,0,"cairo","cairo",0,0
"566",-0.088322096,0.305110194,3,2,3,2,3,3,5,1,1,2,0,0,0,0,NA,NA,1,1,0,0,1,0,"alexandria","alex",0,0
"567",0.201393596,0.254068295,3,1,4,1,3,3,5,2,1,3,0,0,0,2,NA,2,2,1,1,1,0,0,"redsea","desert",0,0
"568",0.521238488,0.635295519,4,1,1,2,4,4,5,3,2,3,0,0,0,1,NA,1,1,1,1,0,1,0,"alexandria","alex",0,1
"569",-0.165331996,0.104575823,3,3,3,2,4,4,3,2,1,1,0,0,0,3,NA,3,1,1,0,0,1,0,"cairo","cairo",0,0
"570",-0.321429096,-0.114227671,1,4,3,2,2,2,5,1,1,3,0,0,0,0,NA,NA,1,0,0,0,1,0,"monufia","delta",1,0
"571",0.314143122,-0.151685206,1,1,4,1,4,4,5,1,1,2,0,0,0,0,NA,NA,1,0,1,0,1,0,"alexandria","alex",0,1
"572",0.237132171,0.297486091,2,NA,NA,2,NA,3,5,2,1,4,0,0,0,0,NA,NA,1,0,1,0,1,0,"suez","delta",0,0
"573",0.209139035,0.127645181,4,1,NA,NA,NA,NA,4,1,1,NA,0,0,3,0,3,NA,1,1,1,0,1,1,"sohag","upper",NA,NA
"574",0.173261743,0.30102303,3,3,2,3,2,2,2,1,1,2,0,0,0,3,NA,3,1,1,1,0,1,1,"sharqia","delta",1,0
"575",-0.250398744,-0.01687198,2,2,3,2,3,3,4,4,2,3,0,0,2,0,2,NA,1,0,0,0,1,0,"sohag","upper",0,0
"576",0.344133166,0.016320966,2,1,3,1,1,3,5,1,1,1,0,0,0,1,NA,1,1,0,1,0,1,1,"asyut","upper",1,0
"577",0.149556032,-0.405503707,3,2,3,3,3,2,5,1,1,3,0,0,0,2,NA,2,1,1,1,0,1,0,"beheira","delta",0,0
"578",0.270798518,0.340262363,3,1,3,2,4,4,5,1,1,2,0,0,0,3,NA,3,2,1,1,1,0,0,"sohag","upper",0,1
"579",-0.206745331,0.033462235,1,3,3,2,4,4,5,1,1,2,0,0,2,0,2,NA,1,0,0,0,1,0,"beheira","delta",0,0
"580",-0.252783912,-0.383727959,1,1,4,1,1,4,5,1,1,2,0,0,2,0,2,NA,1,0,0,0,1,0,"cairo","cairo",0,0
"581",0.260129561,-0.032351144,1,1,4,2,4,4,5,1,1,3,0,0,0,1,NA,1,1,0,1,0,1,0,"alexandria","alex",0,1
"582",0.204351068,-0.32443269,1,1,4,1,4,4,4,2,1,3,0,0,0,2,NA,2,1,0,1,0,1,0,"giza","cairo",0,1
"583",0.015242207,0.010881069,4,1,4,1,4,3,5,2,1,2,0,0,0,0,NA,NA,2,1,1,1,0,0,"benisuef","upper",0,1
"584",-0.512640592,-0.357954381,1,2,3,2,2,4,5,2,1,3,0,0,0,0,0,NA,1,0,0,0,1,0,"cairo","cairo",0,0
"585",0.001652948,-0.167174174,2,1,4,2,1,NA,4,2,1,2,0,0,0,1,NA,1,1,0,1,0,1,0,"beheira","delta",1,0
"586",-0.0010688,0.197404024,3,1,2,1,4,3,5,3,2,1,0,0,4,0,4,NA,1,1,0,0,1,0,"alexandria","alex",0,1
"587",0.251361344,0.069831892,1,1,4,1,2,4,5,1,1,3,0,0,0,0,0,NA,1,0,1,0,1,1,"kafrelsheikh","delta",0,0
"588",0.118755352,0.005657466,1,1,3,1,NA,3,5,1,1,3,0,0,1,0,1,NA,1,0,1,0,1,0,"alexandria","alex",0,0
"589",-0.277391611,0.196076763,1,4,3,2,NA,3,5,1,1,3,0,0,0,0,0,NA,1,0,0,0,1,0,"alexandria","alex",0,0
"590",0.212070107,-0.274087192,4,1,2,2,3,3,4,1,1,2,0,0,0,2,NA,2,1,1,1,0,1,1,"sharqia","delta",0,0
"591",0.430801458,0.40519831,3,2,2,2,4,4,5,1,1,3,0,0,3,0,3,NA,1,1,1,0,1,0,"dakahlia","delta",0,1
"592",0.369589018,0.506815626,4,1,3,2,NA,NA,5,1,1,2,0,0,0,3,NA,3,1,1,1,0,1,0,"cairo","cairo",NA,NA
"593",-0.219496299,0.131630314,3,2,3,2,3,3,5,2,1,3,0,0,0,2,NA,2,2,1,0,1,0,0,"redsea","desert",0,0
"594",0.087339508,0.191047403,3,2,3,2,4,4,6,1,1,3,0,0,3,0,3,NA,1,1,1,0,1,1,"sharqia","delta",0,1
"595",0.161210024,0.557822648,4,1,3,2,2,2,4,1,1,1,0,0,0,3,NA,3,1,1,1,0,1,0,"suez","delta",1,0
"596",0.436356939,-0.339415994,2,1,4,2,1,1,5,1,1,2,0,0,0,0,NA,NA,1,0,1,0,1,0,"cairo","cairo",1,0
"597",-0.02560344,0.498204557,3,2,3,2,3,3,5,1,1,3,0,0,0,0,NA,0,1,1,0,0,1,0,"cairo","cairo",0,0
"598",0.192819271,-0.534504084,2,1,3,1,3,3,5,1,1,1,0,0,1,0,1,NA,1,0,1,0,1,1,"northsinai","desert",0,0
"599",0.414162113,0.550636905,2,2,3,2,3,3,5,2,1,3,0,0,0,0,NA,NA,1,0,1,0,1,1,"cairo","cairo",0,0
"600",-0.231163415,-0.047228688,2,1,2,2,2,3,5,1,1,2,0,0,0,0,NA,NA,1,0,0,0,1,0,"gharbia","delta",0,0
"601",0.295531387,-0.070771899,NA,NA,NA,NA,NA,NA,5,1,1,3,0,0,0,NA,NA,NA,1,NA,1,0,1,0,"alexandria","alex",NA,NA
"602",0.416737335,0.285840548,1,3,1,3,2,2,5,1,1,2,0,0,0,1,NA,1,1,0,1,0,1,0,"beheira","delta",1,0
"603",0.066261549,0.050705293,1,4,4,2,3,3,5,1,1,3,0,0,0,0,0,NA,1,0,1,0,1,0,"monufia","delta",0,0
"604",-0.428390327,0.511304888,1,3,2,2,NA,NA,5,2,1,3,0,0,0,0,0,NA,1,0,0,0,1,0,"alexandria","alex",NA,NA
"605",0.18159847,-0.319723936,1,1,4,2,4,4,5,2,1,2,0,0,1,0,1,NA,1,0,1,0,1,0,"suez","delta",0,1
"606",0.10950231,-0.31527925,4,1,4,1,4,4,5,2,1,2,0,0,3,0,3,NA,2,1,1,1,0,0,"benisuef","upper",0,1
"607",-0.639027951,-0.308618631,1,3,3,1,2,4,5,1,1,3,0,0,0,1,NA,1,1,0,0,0,1,0,"giza","cairo",0,0
"608",-0.280890258,0.256989126,2,3,3,3,4,3,5,1,1,2,0,0,0,0,NA,NA,1,0,0,0,1,0,"cairo","cairo",0,0
"609",0.579119066,-0.005333958,1,2,1,3,4,2,5,1,1,3,0,0,0,0,NA,NA,1,0,1,0,1,0,"qalyubia","delta",0,0
"610",-0.19038525,-0.187430622,1,1,3,2,NA,4,5,1,1,2,0,0,0,0,NA,0,1,0,0,0,1,0,"alexandria","alex",0,1
"611",-0.185527893,0.008768322,2,2,3,2,NA,3,5,1,1,2,0,0,0,0,NA,NA,1,0,0,0,1,0,"gharbia","delta",0,0
"612",0.044948711,0.341184563,2,1,3,2,3,3,5,1,1,1,0,0,0,1,NA,1,1,0,1,0,1,1,"northsinai","desert",0,0
"613",0.212700758,0.327067044,2,2,4,2,4,4,5,1,1,2,0,0,0,0,NA,NA,1,0,1,0,1,0,"cairo","cairo",0,1
"614",0.46821018,0.356097154,1,4,1,2,3,4,5,2,2,2,0,0,2,0,2,NA,1,0,1,0,1,0,"kafrelsheikh","delta",0,0
"615",0.109283936,0.495543473,2,3,4,1,3,3,6,4,2,1,0,0,0,0,NA,0,1,0,1,0,1,0,"alexandria","alex",0,0
"616",0.40660917,-0.266401538,2,1,2,2,3,3,5,1,1,2,0,0,3,0,3,NA,1,0,1,0,1,0,"dakahlia","delta",0,0
"617",0.345990585,-0.264863574,3,NA,3,2,3,3,5,1,1,3,0,0,0,0,NA,0,1,1,1,0,1,0,"cairo","cairo",0,0
"618",-0.516163312,-0.712111271,2,2,4,2,1,1,5,1,1,2,0,0,0,1,NA,1,1,0,0,0,1,0,"cairo","cairo",1,0
"619",-0.034762522,-0.17017131,1,2,3,2,2,3,5,1,2,2,0,0,0,1,NA,1,1,0,0,0,1,0,"beheira","delta",0,0
"620",0.007691839,0.071007852,2,NA,2,NA,3,3,5,NA,2,2,0,0,2,0,2,NA,1,0,1,0,1,0,"giza","cairo",0,NA
"621",0.090688116,-0.283368032,3,2,2,2,4,4,5,1,1,3,0,0,0,2,NA,2,1,1,1,0,1,0,"dakahlia","delta",0,1
"622",-0.004907527,-0.327622832,2,1,4,2,1,3,4,1,1,3,0,0,0,0,NA,NA,1,0,0,0,1,0,"beheira","delta",1,0
"623",0.331014983,0.160996285,3,3,3,2,2,4,3,1,1,1,0,0,2,0,2,NA,1,1,1,0,1,0,"alexandria","alex",0,0
"624",0.386955564,-0.024667237,3,2,3,2,3,2,3,2,1,2,0,0,0,2,NA,2,1,1,1,0,1,0,"cairo","cairo",0,0
"625",-0.44688398,-0.357205269,NA,1,4,1,4,4,4,2,1,3,0,0,0,2,NA,2,1,NA,0,0,1,0,"giza","cairo",0,1
"626",0.384531288,0.472499581,3,2,3,2,NA,3,6,4,2,2,0,0,0,3,NA,3,1,1,1,0,1,0,"qalyubia","delta",0,0
"627",0.396138428,0.219422999,2,2,3,2,2,3,5,1,1,2,0,0,1,0,1,NA,1,0,1,0,1,0,"gharbia","delta",0,0
"628",0.115852799,0.142068624,4,1,1,2,3,3,6,1,1,1,0,0,4,0,4,NA,1,1,1,0,1,0,"alexandria","alex",0,0
"629",-0.106097269,0.026396449,2,2,3,2,2,2,5,1,1,3,0,0,0,3,NA,3,1,0,0,0,1,0,"sohag","upper",1,0
"630",-0.19577842,-0.002194108,1,NA,NA,3,3,3,5,1,1,2,0,0,0,1,NA,1,1,0,0,0,1,0,"cairo","cairo",0,0
"631",-0.357173763,0.156469254,2,4,3,3,4,4,5,1,1,2,0,0,1,0,1,NA,1,0,0,0,1,0,"cairo","cairo",0,0
"632",0.095719184,0.666222113,3,2,3,2,3,3,5,1,1,3,0,0,0,2,NA,2,1,1,1,0,1,0,"cairo","cairo",0,0
"633",0.596755789,0.036966414,3,2,3,1,3,3,5,1,2,2,0,0,0,0,NA,NA,1,1,1,0,1,0,"dakahlia","delta",0,0
"634",0.017030698,0.083427128,1,1,3,1,4,4,5,2,1,3,0,0,0,0,NA,NA,1,0,1,0,1,0,"cairo","cairo",0,1
"635",-0.496948601,-0.638061077,1,1,4,1,2,3,5,1,1,3,0,0,0,0,NA,0,1,0,0,0,1,1,"suez","delta",0,0
"636",-0.151312625,0.466835522,3,2,3,2,3,3,5,1,1,3,0,0,0,0,NA,NA,1,1,0,0,1,0,"cairo","cairo",0,0
"637",-0.126024838,-0.09354882,3,2,3,2,NA,NA,6,2,1,3,0,0,0,2,NA,2,1,1,0,0,1,1,"monufia","delta",NA,NA
"638",0.349171094,0.517545574,1,1,4,2,2,3,5,1,2,2,0,0,0,0,NA,NA,1,0,1,0,1,0,"dakahlia","delta",0,0
"639",-0.29097691,-0.5463986,1,2,3,2,2,4,5,1,1,3,0,0,0,1,NA,1,1,0,0,0,1,0,"giza","cairo",0,0
"640",0.110579867,0.40397456,4,1,NA,2,NA,NA,4,1,1,NA,0,0,3,0,3,NA,1,1,1,0,1,1,"sohag","upper",NA,NA
"641",0.077458369,-0.161358222,1,1,3,2,2,3,5,1,1,2,0,0,0,0,NA,NA,1,0,1,0,1,0,"cairo","cairo",0,0
"642",0.240322465,-0.031094898,3,3,3,3,3,2,5,3,1,3,0,0,0,2,NA,2,2,1,1,1,0,0,"alexandria","alex",0,0
"643",-0.35388216,-0.636819714,4,1,3,1,3,2,5,2,1,2,0,0,2,0,2,NA,2,1,0,1,0,1,"cairo","cairo",0,0
"644",0.552537408,0.423696653,4,1,4,2,4,4,5,2,1,3,0,0,3,0,3,NA,2,1,1,1,0,1,"cairo","cairo",0,1
"645",-0.111928276,0.341220315,4,1,1,2,2,2,5,1,1,1,0,0,0,0,NA,NA,1,1,0,0,1,0,"alexandria","alex",1,0
"646",0.279647115,0.160652147,2,3,2,2,4,3,5,4,1,3,0,0,0,0,NA,NA,1,0,1,0,1,0,"cairo","cairo",0,0
"647",0.366810359,0.147581996,3,2,3,2,3,3,6,1,1,1,0,0,0,0,NA,NA,1,1,1,0,1,0,"qalyubia","delta",0,0
"648",0.370114426,0.26687328,2,3,1,1,4,4,5,2,2,2,0,0,0,2,NA,2,1,0,1,0,1,0,"kafrelsheikh","delta",0,1
"649",0.260040772,0.44574541,3,1,4,2,4,3,5,2,1,2,0,0,0,0,NA,NA,1,1,1,0,1,0,"cairo","cairo",0,1
"650",0.381077364,0.677516791,2,2,3,2,3,3,5,3,1,3,0,0,0,0,NA,NA,1,0,1,0,1,0,"cairo","cairo",0,0
"651",0.212714453,-0.883362713,3,2,3,2,3,3,4,1,1,2,0,0,0,0,NA,NA,1,1,1,0,1,0,"damietta","delta",0,0
"652",0.349095402,0.77730636,3,2,3,2,3,4,5,1,1,3,0,0,3,0,3,NA,1,1,1,0,1,0,"fayoum","upper",0,1
"653",-0.049040976,0.126409253,3,2,3,2,3,3,5,1,1,3,0,0,4,0,4,NA,1,1,0,0,1,0,"cairo","cairo",0,0
"654",0.101842863,-0.213881052,1,1,4,3,2,3,4,3,1,4,0,0,0,2,NA,2,1,0,1,0,1,0,"minya","upper",0,0
"655",0.397789808,0.182740339,1,1,4,1,1,1,5,1,1,NA,0,0,0,0,0,NA,1,0,1,0,1,0,"sharqia","delta",1,0
"656",0.479951186,-0.019693469,2,2,3,2,3,4,5,1,1,2,0,0,0,0,NA,NA,1,0,1,0,1,0,"dakahlia","delta",0,1
"657",-0.277408501,0.23147156,1,1,3,1,4,4,5,3,1,3,0,0,0,0,0,NA,1,0,0,0,1,0,"cairo","cairo",0,1
"658",0.051156124,0.062293303,2,2,3,2,3,3,6,4,2,3,0,0,0,0,NA,0,1,0,1,0,1,0,"giza","cairo",0,0
"659",-0.346257339,0.471333879,NA,2,2,2,NA,NA,6,1,1,1,0,0,0,0,NA,NA,1,NA,0,0,1,0,"asyut","upper",NA,NA
"660",0.74536402,0.384817419,3,2,4,2,4,4,5,2,1,2,0,0,0,0,NA,NA,1,1,1,0,1,0,"cairo","cairo",0,1
"661",-0.395191998,-0.027234601,3,2,2,2,3,3,5,1,1,3,0,0,0,0,NA,NA,1,1,0,0,1,0,"cairo","cairo",0,0
"662",-0.281831673,-0.058073904,NA,2,3,2,NA,NA,5,3,2,NA,0,0,0,3,NA,3,1,NA,0,0,1,0,"damietta","delta",NA,NA
"663",0.334718851,0.174647633,4,3,2,3,4,2,5,4,1,3,0,0,3,0,3,NA,2,1,1,1,0,0,"alexandria","alex",0,0
"664",0.556296325,0.515778012,4,2,3,2,4,4,5,3,1,2,0,0,0,3,NA,3,2,1,1,1,0,0,"redsea","desert",0,1
"665",-0.174013449,-0.247694921,4,1,3,1,3,2,5,2,1,2,0,0,2,0,2,NA,2,1,0,1,0,1,"cairo","cairo",0,0
"666",0.03966344,0.275201565,3,1,4,2,3,3,5,2,1,2,0,0,0,0,NA,NA,1,1,1,0,1,0,"cairo","cairo",0,0
"667",-0.040981384,0.294792839,3,3,3,2,NA,3,5,1,1,3,0,0,4,0,4,NA,1,1,0,0,1,1,"asyut","upper",0,0
"668",-0.345374469,0.207276463,3,2,3,2,2,2,5,4,2,2,0,0,0,0,NA,NA,1,1,0,0,1,0,"cairo","cairo",1,0
"669",-0.055910023,-0.349073276,1,2,3,2,2,3,5,1,1,2,0,0,0,2,NA,2,1,0,0,0,1,0,"cairo","cairo",0,0
"670",-0.103670358,0.049584006,2,2,3,2,2,2,5,1,1,2,0,0,0,0,0,NA,1,0,0,0,1,1,"dakahlia","delta",1,0
"671",0.191213581,-0.029333636,2,1,2,1,3,2,5,1,1,3,0,0,0,2,NA,2,1,0,1,0,1,0,"damietta","delta",0,0
"672",-0.109929572,-0.606260034,2,1,4,4,2,4,4,3,1,4,0,0,0,0,NA,NA,1,0,0,0,1,0,"minya","upper",0,0
"673",-0.13143347,0.666342716,4,3,4,1,4,1,5,1,1,2,0,0,0,0,NA,0,1,1,0,0,1,0,"dakahlia","delta",0,0
"674",0.222705263,0.259933179,3,NA,NA,2,NA,3,5,3,1,NA,0,0,0,1,NA,1,1,1,1,0,1,0,"cairo","cairo",0,0
"675",0.270954519,0.165074517,2,2,3,2,3,3,4,5,2,2,0,0,1,0,1,NA,1,0,1,0,1,0,"aswan","upper",0,0
"676",0.282927397,-0.227992582,NA,2,3,2,NA,NA,5,3,2,NA,0,0,0,3,NA,3,1,NA,1,0,1,0,"damietta","delta",NA,NA
"677",-0.105039009,-0.063574764,2,2,3,2,3,3,6,2,2,3,0,0,0,0,NA,0,1,0,0,0,1,0,"giza","cairo",0,0
"678",0.30006831,0.470071061,4,1,3,2,4,4,5,3,1,2,0,0,0,0,NA,NA,2,1,1,1,0,0,"redsea","desert",0,1
"679",0.324942566,-0.103868397,3,1,1,1,1,4,3,1,1,1,0,0,0,0,NA,NA,2,1,1,1,0,0,"suez","delta",0,0
"680",0.449295943,0.265350758,3,2,3,2,NA,NA,5,1,1,1,0,0,0,3,NA,3,1,1,1,0,1,0,"portsaid","delta",NA,NA
"681",-0.36462329,-1.054294894,NA,1,3,2,NA,NA,5,1,1,2,0,0,0,2,NA,2,1,NA,0,0,1,0,"giza","cairo",NA,NA
"682",0.253080596,-0.296711124,2,3,2,2,3,2,5,1,1,2,0,0,0,0,NA,0,1,0,1,0,1,0,"sharqia","delta",0,0
"683",0.265054492,0.050496775,4,1,1,1,1,1,5,5,1,2,0,0,4,0,4,NA,1,1,1,0,1,0,"giza","cairo",1,0
"684",-0.255534083,0.209688652,3,2,3,2,3,3,5,1,1,2,0,0,0,2,NA,2,1,1,0,0,1,1,"giza","cairo",0,0
"685",0.118979183,-0.351017182,4,1,4,1,4,3,5,1,1,3,0,0,3,0,3,NA,1,1,1,0,1,0,"asyut","upper",0,1
"686",-0.301576285,-0.591307762,3,2,2,2,2,2,5,4,2,2,0,0,4,0,4,NA,1,1,0,0,1,0,"cairo","cairo",1,0
"687",-0.134192123,0.564139875,2,2,2,2,3,2,5,1,1,3,0,0,0,0,NA,NA,1,0,0,0,1,0,"damietta","delta",0,0
"688",-0.254832253,0.418819389,1,1,3,1,2,3,5,1,1,3,0,0,0,0,NA,0,1,0,0,0,1,1,"suez","delta",0,0
"689",0.076218509,0.415508451,3,2,3,2,3,NA,5,1,1,1,0,0,3,0,3,NA,1,1,1,0,1,0,"portsaid","delta",0,0
"690",0.488581187,0.025565195,NA,NA,NA,NA,NA,NA,4,NA,1,NA,0,0,0,0,NA,NA,1,NA,1,0,1,0,"qalyubia","delta",NA,NA
"691",-0.042482219,0.049733673,3,2,3,2,3,3,4,5,2,2,0,0,0,1,NA,1,1,1,0,0,1,0,"aswan","upper",0,0
"692",0.112673209,0.205861157,3,2,3,2,NA,NA,3,1,1,3,0,0,0,0,NA,NA,1,1,1,0,1,0,"ismailia","delta",NA,NA
"693",0.086553157,-0.158550348,2,3,2,2,2,3,5,1,1,3,0,0,2,0,2,NA,1,0,1,0,1,0,"cairo","cairo",0,0
"694",-0.286965803,0.404102895,4,3,2,2,4,3,4,1,1,1,0,0,0,2,NA,2,1,1,0,0,1,1,"alexandria","alex",0,0
"695",0.09998892,0.264194272,2,1,4,1,3,3,5,1,1,3,0,0,1,0,1,NA,1,0,1,0,1,0,"cairo","cairo",0,0
"696",0.029381074,0.24118446,3,3,2,3,2,2,5,2,1,1,0,0,0,0,NA,NA,1,1,1,0,1,0,"alexandria","alex",1,0
"697",-0.795436272,0.24961366,3,3,2,2,4,4,5,2,1,2,0,0,0,3,NA,3,1,1,0,0,1,0,"cairo","cairo",0,0
"698",-0.273400917,0.146349165,1,3,2,2,1,4,5,3,1,3,0,0,2,0,2,NA,1,0,0,0,1,0,"alexandria","alex",0,0
"699",-0.014646602,-0.074164631,NA,2,3,2,NA,NA,5,1,1,2,0,0,0,0,NA,NA,1,NA,0,0,1,0,"giza","cairo",NA,NA
"700",0.188663798,0.254697972,4,2,NA,NA,3,3,5,1,1,2,0,0,0,2,NA,2,1,1,1,0,1,1,"alexandria","alex",0,0
"701",0.194764085,-0.411038076,1,4,2,2,2,2,5,1,1,2,0,0,0,2,NA,2,1,0,1,0,1,0,"beheira","delta",1,0
"702",0.25331217,-0.207139338,1,3,3,3,3,3,5,2,1,3,0,0,2,0,2,NA,1,0,1,0,1,1,"cairo","cairo",0,0
"703",0.125889392,-0.190580799,3,NA,NA,2,NA,NA,5,1,1,3,0,0,0,2,NA,2,1,1,1,0,1,1,"cairo","cairo",NA,NA
"704",0.140108761,0.261539143,1,1,4,1,1,3,5,3,1,4,0,0,0,0,NA,NA,1,0,1,0,1,0,"alexandria","alex",1,0
"705",-0.095380308,0.319003759,1,2,3,1,3,2,5,1,1,2,0,0,0,2,NA,2,1,0,0,0,1,1,"alexandria","alex",0,0
"706",-0.03385513,-0.421837083,1,2,3,1,2,2,5,1,1,3,0,0,0,0,NA,NA,1,0,0,0,1,0,"qena","upper",1,0
"707",0.275225051,0.668958965,4,2,3,2,4,3,5,3,1,3,0,0,0,0,NA,NA,2,1,1,1,0,1,"asyut","upper",0,1
"708",-0.220751768,0.139665437,3,2,3,2,3,3,5,2,1,2,0,0,0,2,NA,2,1,1,0,0,1,1,"giza","cairo",0,0
"709",-0.237318494,-0.639205883,1,1,4,1,1,1,5,1,1,1,0,0,0,0,0,NA,1,0,0,0,1,1,"kafrelsheikh","delta",1,0
"710",0.312794612,0.380647286,2,1,4,1,3,3,5,1,1,3,0,0,0,1,NA,1,1,0,1,0,1,0,"cairo","cairo",0,0
"711",-0.025045198,0.547374757,3,2,2,2,4,4,5,4,2,3,0,0,0,0,NA,NA,1,1,0,0,1,0,"giza","cairo",0,1
"712",0.760085882,0.848247277,NA,2,NA,NA,NA,NA,6,3,2,NA,0,0,0,0,NA,NA,1,NA,1,0,1,1,"giza","cairo",NA,NA
"713",-0.207013135,-0.484009954,1,1,4,1,1,2,5,1,1,2,0,0,0,0,NA,NA,1,0,0,0,1,0,"beheira","delta",1,0
"714",-0.345686913,0.032452912,3,3,2,3,2,2,5,2,1,1,0,0,0,0,NA,NA,1,1,0,0,1,0,"alexandria","alex",1,0
"715",-0.211092955,0.119568793,3,3,2,2,4,4,5,2,1,2,0,0,0,3,NA,3,1,1,0,0,1,0,"cairo","cairo",0,0
"716",0.345590691,0.521332993,2,2,3,2,4,4,4,4,1,1,0,0,0,1,NA,1,2,0,1,1,0,0,"sohag","upper",0,1
"717",-0.427944343,0.352593119,4,4,1,4,1,1,3,2,1,1,0,0,0,3,NA,3,1,1,0,0,1,0,"beheira","delta",1,0
"718",-0.087710506,0.0605485,4,2,3,3,3,3,5,1,1,2,0,0,3,0,3,NA,1,1,0,0,1,1,"alexandria","alex",0,0
"719",0.268777169,0.080159793,NA,2,3,2,NA,4,NA,1,1,NA,0,0,0,0,NA,NA,1,NA,1,0,1,0,"sharqia","delta",0,1
"720",-0.12902136,-0.306036237,1,1,3,1,1,2,5,1,1,3,0,0,0,1,NA,1,1,0,0,0,1,0,"beheira","delta",1,0
"721",0.540746121,0.094722835,3,2,4,2,NA,3,5,1,1,2,0,0,0,0,NA,NA,1,1,1,0,1,1,"luxor","upper",0,0
"722",-0.3295639,-0.31322021,3,1,3,2,3,3,3,2,1,3,0,0,0,2,NA,2,1,1,0,0,1,0,"dakahlia","delta",0,0
"723",-0.008097071,0.033966224,3,3,2,3,3,3,5,2,1,2,0,0,2,0,2,NA,1,1,0,0,1,0,"cairo","cairo",0,0
"724",0.424044228,0.051411274,1,1,4,2,1,3,5,1,1,2,0,0,0,0,NA,NA,1,0,1,0,1,0,"cairo","cairo",1,0
"725",0.055570942,0.093414646,4,1,3,2,4,4,5,4,1,1,0,0,4,0,4,NA,1,1,1,0,1,0,"cairo","cairo",0,1
"726",-0.053905067,0.069554359,3,NA,NA,2,NA,NA,5,1,1,3,0,0,0,2,NA,2,1,1,0,0,1,1,"cairo","cairo",NA,NA
"727",-0.303749124,-0.123735419,NA,2,3,2,2,3,5,3,2,2,0,0,0,2,NA,2,1,NA,0,0,1,0,"dakahlia","delta",0,0
"728",0.195538596,-0.238539341,1,2,3,1,1,3,5,5,2,3,0,0,0,1,NA,1,1,0,1,0,1,0,"giza","cairo",1,0
"729",-0.185700889,-0.421974273,1,2,3,1,2,2,5,1,1,3,0,0,1,0,1,NA,1,0,0,0,1,0,"qena","upper",1,0
"730",0.15826687,0.343672897,2,2,2,2,4,4,4,4,1,1,0,0,0,1,NA,1,2,0,1,1,0,0,"sohag","upper",0,1
"731",0.06453441,0.019316971,3,2,3,2,NA,3,5,1,1,2,0,0,4,0,4,NA,1,1,1,0,1,1,"luxor","upper",0,0
"732",0.153784109,0.090265996,3,3,2,3,3,3,5,2,1,2,0,0,0,2,NA,2,1,1,1,0,1,0,"cairo","cairo",0,0
"733",0.550834061,0.136771527,3,1,3,2,NA,3,5,1,1,1,0,0,2,0,2,NA,1,1,1,0,1,1,"cairo","cairo",0,0
"734",0.169107747,0.092217284,1,1,4,2,1,2,5,1,1,2,0,0,0,0,NA,NA,1,0,1,0,1,0,"cairo","cairo",1,0
"735",0.266020167,0.261168688,1,1,4,1,1,1,5,1,1,2,0,0,0,0,0,NA,1,0,1,0,1,0,"monufia","delta",1,0
"736",0.683957568,0.138618188,4,1,3,2,3,3,5,1,1,2,0,0,4,0,4,NA,1,1,1,0,1,0,"cairo","cairo",0,0
"737",0.481912876,-0.251409768,2,2,3,2,2,3,1,1,1,4,0,0,0,0,NA,NA,1,0,1,0,1,0,"cairo","cairo",0,0
"738",0.318008518,0.495797661,3,2,2,3,3,3,5,1,1,2,0,0,0,0,NA,NA,1,1,1,0,1,0,"cairo","cairo",0,0
"739",0.614987221,-0.023430175,3,2,2,2,2,4,5,4,2,3,0,0,3,0,3,NA,1,1,1,0,1,0,"giza","cairo",0,0
"740",0.561761684,-0.278359239,4,1,1,2,2,2,5,1,1,1,0,0,0,0,NA,NA,1,1,1,0,1,0,"alexandria","alex",1,0
"741",-0.018973337,-0.137017232,4,2,4,2,4,4,5,1,1,3,0,0,0,0,NA,NA,1,1,0,0,1,0,"dakahlia","delta",0,1
"742",0.013713924,-0.022714021,4,3,2,3,4,4,6,1,2,1,0,0,3,0,3,NA,1,1,1,0,1,0,"cairo","cairo",0,0
"743",0.329962056,0.204280949,1,1,4,1,3,3,5,2,1,2,0,0,0,0,NA,NA,1,0,1,0,1,0,"cairo","cairo",0,0
"744",-0.024247982,-0.365486662,1,1,4,1,1,1,5,1,1,2,0,0,0,0,0,NA,1,0,0,0,1,0,"monufia","delta",1,0
"745",0.268916342,-0.166432846,2,2,3,1,3,3,5,1,1,2,0,0,0,2,NA,2,1,0,1,0,1,1,"cairo","cairo",0,0
"746",0.049096997,0.289904467,4,2,2,2,3,3,5,1,1,1,0,0,4,0,4,NA,1,1,1,0,1,1,"monufia","delta",0,0
"747",-0.14933072,0.645806759,1,2,3,2,2,2,5,1,1,2,0,0,4,0,4,NA,1,0,0,0,1,0,"beheira","delta",1,0
"748",-0.102983453,-0.24164536,2,3,NA,2,NA,3,5,1,1,2,0,0,0,0,NA,0,1,0,0,0,1,1,"giza","cairo",0,0
"749",0.071152644,0.238927763,4,2,2,1,3,3,5,4,2,1,0,0,0,3,NA,3,1,1,1,0,1,0,"alexandria","alex",0,0
"750",-0.021656961,0.455255764,4,2,3,2,3,1,5,1,1,NA,0,0,0,2,NA,2,1,1,0,0,1,0,"northsinai","desert",1,0
"751",0.047205949,0.353394263,1,3,1,1,4,3,5,1,1,3,0,0,3,0,3,NA,1,0,1,0,1,0,"ismailia","delta",0,1
"752",-0.44915951,0.038259397,NA,2,3,2,3,2,3,NA,1,3,0,0,0,0,0,NA,NA,NA,0,0,0,0,"alexandria","alex",0,0
"753",-0.255274368,-0.425043238,4,2,3,2,4,4,5,1,1,3,0,0,0,3,NA,3,1,1,0,0,1,0,"dakahlia","delta",0,1
"754",0.244122312,-0.389434721,4,2,3,2,2,4,5,2,1,2,0,0,4,0,4,NA,1,1,1,0,1,0,"cairo","cairo",0,0
"755",0.195489832,0.515695922,4,1,4,1,2,3,5,1,1,2,0,0,0,2,NA,2,1,1,1,0,1,0,"damietta","delta",0,0
"756",0.150626314,0.228711156,3,2,2,2,4,4,5,1,1,1,0,0,2,0,2,NA,1,1,1,0,1,0,"alexandria","alex",0,1
"757",0.341594426,-0.096859683,4,3,2,1,3,4,6,NA,2,1,0,0,0,0,NA,NA,1,1,1,0,1,1,"sharqia","delta",0,1
"758",-0.253717109,0.238218624,2,2,3,1,2,3,5,2,1,2,0,0,2,0,2,NA,1,0,0,0,1,1,"cairo","cairo",0,0
"759",-0.562503187,-0.527818196,4,2,1,2,3,3,5,4,2,1,0,0,4,0,4,NA,1,1,0,0,1,0,"alexandria","alex",0,0
"760",-0.027338539,0.267071931,2,2,2,1,1,4,5,5,1,3,0,0,2,0,2,NA,1,0,0,0,1,1,"cairo","cairo",0,0
"761",-0.09784865,0.091532547,NA,2,3,2,NA,NA,5,4,1,2,0,0,2,0,2,NA,1,NA,0,0,1,0,"ismailia","delta",NA,NA
"762",0.232471114,0.136844182,2,3,2,2,NA,NA,5,1,1,2,0,0,0,0,NA,0,1,0,1,0,1,1,"giza","cairo",NA,NA
"763",-0.374912308,-0.543336683,1,1,1,1,1,3,5,1,1,2,0,0,0,0,NA,0,1,0,0,0,1,0,"beheira","delta",1,0
"764",-0.128522141,0.193523675,4,3,2,3,3,3,5,2,1,1,0,0,4,0,4,NA,1,1,0,0,1,1,"monufia","delta",0,0
"765",-0.186861175,-0.342398692,2,2,3,2,2,2,5,1,1,2,0,0,2,0,2,NA,1,0,0,0,1,0,"giza","cairo",1,0
"766",-0.193361942,-0.219617295,3,2,NA,NA,2,NA,5,1,1,NA,0,0,0,0,NA,NA,1,1,0,0,1,0,"cairo","cairo",1,0
"767",0.579577535,0.660116643,3,1,3,2,3,3,5,2,1,2,0,0,0,0,NA,NA,1,1,1,0,1,0,"gharbia","delta",0,0
"768",0.162385203,0.1706723,3,1,3,1,2,2,5,1,1,2,0,0,0,0,NA,NA,1,1,1,0,1,0,"cairo","cairo",1,0
"769",-0.03923945,0.603868463,4,2,2,3,4,4,4,3,1,3,0,0,0,0,NA,NA,1,1,0,0,1,0,"giza","cairo",0,0
"770",0.366814879,0.208491728,3,1,3,2,3,2,5,1,1,2,0,0,0,0,NA,NA,1,1,1,0,1,0,"cairo","cairo",0,0
"771",-0.04227873,-0.084743732,1,1,4,2,4,4,6,1,1,1,0,0,0,0,NA,NA,1,0,0,0,1,0,"damietta","delta",0,1
"772",-0.133344544,0.237059748,3,1,4,2,4,3,6,2,1,3,0,0,0,2,NA,2,1,1,0,0,1,1,"ismailia","delta",0,1
"773",0.235858615,0.18380875,NA,2,3,2,3,3,5,1,1,3,0,0,0,1,NA,1,1,NA,1,0,1,1,"sharqia","delta",0,0
"774",-0.031169196,0.502192304,3,1,3,1,2,3,5,1,1,2,0,0,0,2,NA,2,1,1,0,0,1,0,"damietta","delta",0,0
"775",0.071305372,-0.299486249,1,1,3,2,NA,3,5,2,1,2,0,0,2,0,2,NA,1,0,1,0,1,0,"cairo","cairo",0,0
"776",0.503035593,0.28538374,3,2,4,1,2,2,6,1,1,3,0,0,3,0,3,NA,1,1,1,0,1,0,"alexandria","alex",1,0
"777",0.321147966,-0.047883838,4,3,3,2,3,4,6,5,2,1,0,0,2,0,2,NA,1,1,1,0,1,1,"sharqia","delta",0,0
"778",-0.33000073,-0.413054424,1,1,4,1,2,3,5,1,1,3,0,0,1,0,1,NA,1,0,0,0,1,0,"giza","cairo",0,0
"779",-0.282018158,-0.441713288,3,2,2,1,1,4,5,5,1,3,0,0,2,0,2,NA,1,1,0,0,1,1,"cairo","cairo",0,0
"780",0.063569946,0.323772886,3,2,NA,NA,2,NA,5,1,1,NA,0,0,2,0,2,NA,1,1,1,0,1,0,"cairo","cairo",1,0
"781",-0.359534169,-0.963906139,1,1,4,1,3,4,5,1,1,3,0,0,0,0,NA,NA,1,0,0,0,1,0,"gharbia","delta",0,1
"782",0.166913246,0.417107059,4,2,2,2,2,4,5,3,1,2,0,0,0,3,NA,3,1,1,1,0,1,0,"cairo","cairo",0,0
"783",0.260613062,0.004702209,3,3,3,2,3,4,5,3,1,2,0,0,2,0,2,NA,2,1,1,1,0,0,"giza","cairo",0,0
"784",0.447570051,0.049333516,2,1,3,1,2,2,5,1,1,3,0,0,0,0,NA,NA,1,0,1,0,1,0,"newvalley","desert",1,0
"785",0.270057871,0.313396765,2,1,2,1,3,3,5,1,1,3,0,0,0,2,NA,2,1,0,1,0,1,0,"cairo","cairo",0,0
"786",-0.119392962,0.135159593,3,2,2,2,3,3,5,3,2,3,0,0,4,0,4,NA,1,1,0,0,1,0,"cairo","cairo",0,0
"787",0.353081058,0.469199786,NA,NA,NA,NA,NA,NA,3,3,1,2,0,0,0,NA,NA,NA,1,NA,1,0,1,0,"dakahlia","delta",NA,NA
"788",0.012738675,0.808133977,3,2,3,2,3,3,5,1,1,3,0,0,0,0,NA,NA,1,1,1,0,1,0,"damietta","delta",0,0
"789",0.150404366,0.860631853,3,2,3,2,3,3,5,2,1,2,0,0,4,0,4,NA,1,1,1,0,1,0,"gharbia","delta",0,0
"790",0.106448769,0.151559739,2,2,3,2,3,3,6,1,1,3,0,0,0,0,NA,NA,1,0,1,0,1,1,"qena","upper",0,0
"791",0.137300006,-0.101414419,2,2,4,2,3,3,5,1,1,2,0,0,2,0,2,NA,1,0,1,0,1,0,"giza","cairo",0,0
"792",0.302188139,0.304339719,3,2,3,2,3,3,5,1,1,3,0,0,0,2,NA,2,1,1,1,0,1,0,"cairo","cairo",0,0
"793",0.058265313,0.080835577,2,2,3,3,3,2,5,1,1,2,0,0,0,0,0,NA,1,0,1,0,1,1,"redsea","desert",0,0
"794",0.451572389,-0.040774959,1,1,3,2,3,2,5,1,1,2,0,0,0,0,0,NA,1,0,1,0,1,0,"gharbia","delta",0,0
"795",0.007454217,0.663430867,1,2,2,2,3,3,5,1,1,1,0,0,0,0,NA,0,1,0,1,0,1,0,"qalyubia","delta",0,0
"796",-0.514976666,-0.34479094,1,1,4,1,2,2,5,1,1,3,0,0,0,0,NA,NA,1,0,0,0,1,0,"giza","cairo",1,0
"797",0.0299067,0.464648947,2,2,3,2,3,3,5,1,1,3,0,0,0,2,NA,2,1,0,1,0,1,0,"gharbia","delta",0,0
"798",0.180679446,0.021513994,1,2,4,NA,NA,4,4,1,1,2,0,0,0,1,NA,1,1,0,1,0,1,0,"benisuef","upper",0,1
"799",-0.034850174,0.496349193,3,3,3,2,3,4,5,3,1,2,0,0,0,0,NA,NA,2,1,0,1,0,0,"giza","cairo",0,0
"800",0.440509839,0.186608446,1,3,2,3,2,2,4,2,1,3,0,0,0,3,NA,3,1,0,1,0,1,0,"cairo","cairo",1,0
"801",-0.388122219,0.580023375,3,2,3,1,2,2,6,1,1,3,0,0,3,0,3,NA,1,1,0,0,1,0,"alexandria","alex",1,0
"802",0.548341561,0.413275689,3,2,3,2,3,3,6,2,1,2,0,0,0,2,NA,2,1,1,1,0,1,1,"giza","cairo",0,0
"803",0.397622844,0.500489388,NA,1,2,1,4,4,5,1,1,3,0,0,0,0,NA,NA,1,NA,1,0,1,1,"asyut","upper",0,1
"804",0.323770047,0.018353431,4,1,3,1,4,3,4,2,1,2,0,0,0,3,NA,3,1,1,1,0,1,0,"qena","upper",0,1
"805",-0.122583634,-0.028704748,2,3,2,3,3,2,4,2,1,3,0,0,0,3,NA,3,1,0,0,0,1,0,"cairo","cairo",0,0
"806",0.038756763,0.058861121,3,1,4,2,4,2,6,2,1,3,0,0,3,0,3,NA,1,1,1,0,1,1,"ismailia","delta",0,0
"807",-0.100713859,-0.147389978,3,2,3,2,3,3,5,1,1,2,0,0,2,0,2,NA,1,1,0,0,1,0,"damietta","delta",0,0
"808",-0.272350204,0.109721217,3,2,2,2,3,3,5,3,2,3,0,0,4,3,4,3,1,1,0,0,1,0,"cairo","cairo",0,0
"809",0.550796417,0.58781909,3,2,2,3,4,4,6,3,2,2,0,0,2,0,2,NA,1,1,1,0,1,0,"alexandria","alex",0,0
"810",-0.245848668,-0.0262253,1,1,4,2,NA,3,5,4,2,2,0,0,0,2,NA,2,1,0,0,0,1,0,"alexandria","alex",0,0
